-- phpMyAdmin SQL Dump
-- version 4.2.7.1
-- http://www.phpmyadmin.net
--
-- Client :  localhost
-- Généré le :  Mer 12 Juin 2024 à 11:00
-- Version du serveur :  5.6.20
-- Version de PHP :  5.5.15

SET SQL_MODE = "NO_AUTO_VALUE_ON_ZERO";
SET time_zone = "+00:00";


/*!40101 SET @OLD_CHARACTER_SET_CLIENT=@@CHARACTER_SET_CLIENT */;
/*!40101 SET @OLD_CHARACTER_SET_RESULTS=@@CHARACTER_SET_RESULTS */;
/*!40101 SET @OLD_COLLATION_CONNECTION=@@COLLATION_CONNECTION */;
/*!40101 SET NAMES utf8 */;

--
-- Base de données :  `sae23`
--

-- --------------------------------------------------------

--
-- Structure de la table `Administration`
--

CREATE TABLE IF NOT EXISTS `Administration` (
`id_administration` int(8) NOT NULL,
  `mdp` varchar(30) NOT NULL
) ENGINE=InnoDB  DEFAULT CHARSET=utf8 AUTO_INCREMENT=3 ;

--
-- Contenu de la table `Administration`
--

INSERT INTO `Administration` (`id_administration`, `mdp`) VALUES
(2, 'php23');

-- --------------------------------------------------------

--
-- Structure de la table `Batiment`
--

CREATE TABLE IF NOT EXISTS `Batiment` (
`id_bat` int(8) NOT NULL,
  `nom_bat` varchar(20) NOT NULL,
  `gestion` int(8) NOT NULL
) ENGINE=InnoDB  DEFAULT CHARSET=utf8 AUTO_INCREMENT=59 ;

--
-- Contenu de la table `Batiment`
--

INSERT INTO `Batiment` (`id_bat`, `nom_bat`, `gestion`) VALUES
(1, 'A', 1),
(2, 'B', 2),
(3, 'C', 3),
(4, 'E', 4);

-- --------------------------------------------------------

--
-- Structure de la table `Capteur`
--

CREATE TABLE IF NOT EXISTS `Capteur` (
  `nom_capteur` varchar(20) NOT NULL,
  `type_capteur` varchar(20) NOT NULL,
  `unite` varchar(5) NOT NULL,
  `salle` varchar(20) NOT NULL
) ENGINE=InnoDB DEFAULT CHARSET=utf8;

--
-- Contenu de la table `Capteur`
--

INSERT INTO `Capteur` (`nom_capteur`, `type_capteur`, `unite`, `salle`) VALUES
('AM107-12', 'temperature', '°C', 'B103'),
('AM107-13', 'temperature', '°C', 'B105'),
('AM107-14', 'temperature', '°C', 'B106'),
('AM107-16', 'temperature', '°C', 'B109'),
('AM107-17', 'temperature', '°C', 'B112'),
('AM107-18', 'temperature', '°C', 'B113'),
('AM107-20', 'temperature', '°C', 'B217'),
('AM107-22', 'temperature', '°C', 'B234'),
('AM107-23', 'temperature', '°C', 'C004'),
('AM107-24', 'temperature', '°C', 'C006'),
('AM107-26', 'temperature', '°C', 'E003'),
('AM107-27', 'temperature', '°C', 'E004'),
('AM107-28', 'temperature', '°C', 'E001'),
('AM107-29', 'temperature', '°C', 'E006'),
('AM107-3', 'temperature', '°C', 'B111'),
('AM107-30', 'temperature', '°C', 'E007'),
('AM107-31', 'temperature', '°C', 'E101'),
('AM107-32', 'temperature', '°C', 'E102'),
('AM107-33', 'temperature', '°C', 'E103'),
('AM107-34', 'temperature', '°C', 'E104'),
('AM107-35', 'temperature', '°C', 'E105'),
('AM107-36', 'temperature', '°C', 'E106'),
('AM107-38', 'temperature', '°C', 'E208'),
('AM107-39', 'temperature', '°C', 'E209'),
('AM107-4', 'temperature', '°C', 'B201'),
('AM107-41', 'temperature', '°C', 'E207'),
('AM107-42', 'temperature', '°C', 'E210'),
('AM107-43', 'temperature', '°C', 'Salle-conseil'),
('AM107-46', 'temperature', '°C', 'Foyer-personnels'),
('AM107-47', 'temperature', '°C', 'Foyer-etudiants-entr'),
('AM107-48', 'temperature', '°C', 'Foyer-etudiants-dist'),
('AM107-49', 'temperature', '°C', 'hall-entrée-principa'),
('AM107-50', 'temperature', '°C', ' hall-amphi'),
('AM107-51', 'temperature', '°C', 'amphi1'),
('AM107-52', 'temperature', '°C', 'C101'),
('AM107-53', 'temperature', '°C', 'C102'),
('AM107-54', 'temperature', '°C', 'C002'),
('AM107-55', 'temperature', '°C', 'C001'),
('AM107-6', 'temperature', '°C', 'B203'),
('AM107-7', 'temperature', '°C', 'B001'),
('AM107-8', 'temperature', '°C', 'B002');

-- --------------------------------------------------------

--
-- Structure de la table `Gestionnaire`
--

CREATE TABLE IF NOT EXISTS `Gestionnaire` (
`id_gestion` int(8) NOT NULL,
  `mdp` varchar(30) NOT NULL
) ENGINE=InnoDB  DEFAULT CHARSET=utf8 AUTO_INCREMENT=59 ;

--
-- Contenu de la table `Gestionnaire`
--

INSERT INTO `Gestionnaire` (`id_gestion`, `mdp`) VALUES
(1, 'batA'),
(2, 'batB'),
(3, 'batC'),
(4, 'batE'),
(5, 'batOutside'),
(26, 'batOutside'),
(27, 'batOutside'),
(28, 'batOutside'),
(29, 'batOutside'),
(30, 'batOutside'),
(31, 'batOutside'),
(32, 'batOutside'),
(33, 'batOutside'),
(34, 'batOutside'),
(35, 'batOutside'),
(36, 'batOutside'),
(37, 'batOutside'),
(38, 'batOutside'),
(39, 'batOutside'),
(40, 'batOutside'),
(41, 'batOutside'),
(42, 'batOutside'),
(43, 'batOutside'),
(44, 'batOutside'),
(45, 'batOutside'),
(46, 'batOutside'),
(47, 'batOutside'),
(48, 'batOutside'),
(49, 'batOutside'),
(50, 'batOutside'),
(51, 'batOutside'),
(52, 'batOutside'),
(53, 'batOutside'),
(54, 'batOutside'),
(55, 'batOutside'),
(56, 'batOutside'),
(57, 'batOutside'),
(58, 'batOutside');

-- --------------------------------------------------------

--
-- Structure de la table `Mesure`
--

CREATE TABLE IF NOT EXISTS `Mesure` (
`id_mesure` int(10) NOT NULL,
  `date_mesure` datetime NOT NULL,
  `valeur` decimal(6,2) NOT NULL,
  `capteur` varchar(20) NOT NULL
) ENGINE=InnoDB  DEFAULT CHARSET=utf8 AUTO_INCREMENT=2240 ;

--
-- Contenu de la table `Mesure`
--

INSERT INTO `Mesure` (`id_mesure`, `date_mesure`, `valeur`, `capteur`) VALUES
(7, '2024-06-12 08:00:10', '22.80', 'AM107-3'),
(8, '2024-06-12 08:00:10', '22.80', 'AM107-3'),
(9, '2024-06-12 08:00:10', '22.80', 'AM107-3'),
(10, '2024-06-12 08:00:25', '21.60', 'AM107-7'),
(11, '2024-06-12 08:00:25', '21.60', 'AM107-7'),
(12, '2024-06-12 08:00:25', '21.60', 'AM107-7'),
(13, '2024-06-12 08:00:28', '24.40', 'AM107-35'),
(14, '2024-06-12 08:00:28', '24.40', 'AM107-35'),
(15, '2024-06-12 08:00:28', '24.40', 'AM107-35'),
(16, '2024-06-12 08:00:29', '21.60', 'AM107-47'),
(17, '2024-06-12 08:00:29', '21.60', 'AM107-47'),
(18, '2024-06-12 08:00:29', '21.60', 'AM107-47'),
(19, '2024-06-12 08:00:41', '21.50', 'AM107-8'),
(20, '2024-06-12 08:00:41', '21.50', 'AM107-8'),
(21, '2024-06-12 08:00:41', '21.50', 'AM107-8'),
(22, '2024-06-12 08:00:44', '22.90', 'AM107-16'),
(23, '2024-06-12 08:00:44', '22.90', 'AM107-16'),
(24, '2024-06-12 08:00:44', '22.90', 'AM107-16'),
(25, '2024-06-12 08:01:05', '23.20', 'AM107-34'),
(26, '2024-06-12 08:01:05', '23.20', 'AM107-34'),
(27, '2024-06-12 08:01:05', '23.20', 'AM107-34'),
(28, '2024-06-12 08:01:27', '23.10', 'AM107-13'),
(29, '2024-06-12 08:01:27', '23.10', 'AM107-13'),
(30, '2024-06-12 08:01:27', '23.10', 'AM107-13'),
(31, '2024-06-12 08:01:28', '25.60', 'AM107-22'),
(32, '2024-06-12 08:01:28', '25.60', 'AM107-22'),
(33, '2024-06-12 08:01:28', '25.60', 'AM107-22'),
(34, '2024-06-12 08:02:08', '22.70', 'AM107-26'),
(35, '2024-06-12 08:02:08', '22.70', 'AM107-26'),
(36, '2024-06-12 08:02:08', '22.70', 'AM107-26'),
(37, '2024-06-12 08:02:09', '22.80', 'AM107-43'),
(38, '2024-06-12 08:02:10', '22.80', 'AM107-43'),
(39, '2024-06-12 08:02:10', '22.80', 'AM107-43'),
(40, '2024-06-12 08:02:14', '24.20', 'AM107-39'),
(41, '2024-06-12 08:02:14', '24.20', 'AM107-39'),
(42, '2024-06-12 08:02:14', '24.20', 'AM107-39'),
(43, '2024-06-12 08:02:55', '22.30', 'AM107-29'),
(44, '2024-06-12 08:02:55', '22.30', 'AM107-29'),
(45, '2024-06-12 08:02:55', '22.30', 'AM107-29'),
(46, '2024-06-12 08:02:57', '22.00', 'AM107-54'),
(47, '2024-06-12 08:02:57', '22.00', 'AM107-54'),
(48, '2024-06-12 08:02:57', '22.00', 'AM107-54'),
(49, '2024-06-12 08:02:58', '23.00', 'AM107-18'),
(50, '2024-06-12 08:02:58', '23.00', 'AM107-18'),
(51, '2024-06-12 08:02:59', '23.00', 'AM107-18'),
(52, '2024-06-12 08:04:39', '22.20', 'AM107-30'),
(53, '2024-06-12 08:04:39', '22.20', 'AM107-30'),
(54, '2024-06-12 08:04:39', '22.20', 'AM107-30'),
(55, '2024-06-12 08:04:52', '22.60', 'AM107-28'),
(56, '2024-06-12 08:04:52', '22.60', 'AM107-28'),
(57, '2024-06-12 08:04:52', '22.60', 'AM107-28'),
(58, '2024-06-12 08:04:56', '20.60', 'AM107-51'),
(59, '2024-06-12 08:04:56', '20.60', 'AM107-51'),
(60, '2024-06-12 08:04:56', '20.60', 'AM107-51'),
(61, '2024-06-12 08:04:56', '22.80', 'AM107-17'),
(62, '2024-06-12 08:04:56', '22.80', 'AM107-17'),
(63, '2024-06-12 08:04:56', '22.80', 'AM107-17'),
(64, '2024-06-12 08:05:26', '22.70', 'AM107-20'),
(65, '2024-06-12 08:05:26', '22.70', 'AM107-20'),
(66, '2024-06-12 08:05:26', '22.70', 'AM107-20'),
(67, '2024-06-12 08:05:30', '22.40', 'AM107-38'),
(68, '2024-06-12 08:05:30', '22.40', 'AM107-38'),
(69, '2024-06-12 08:05:30', '22.40', 'AM107-38'),
(70, '2024-06-12 08:05:56', '24.10', 'AM107-41'),
(71, '2024-06-12 08:05:56', '24.10', 'AM107-41'),
(72, '2024-06-12 08:05:56', '24.10', 'AM107-41'),
(73, '2024-06-12 08:05:59', '24.30', 'AM107-31'),
(74, '2024-06-12 08:05:59', '24.30', 'AM107-31'),
(75, '2024-06-12 08:05:59', '24.30', 'AM107-31'),
(76, '2024-06-12 08:06:28', '24.10', 'AM107-52'),
(77, '2024-06-12 08:06:28', '24.10', 'AM107-52'),
(78, '2024-06-12 08:06:28', '24.10', 'AM107-52'),
(79, '2024-06-12 08:06:36', '21.90', 'AM107-24'),
(80, '2024-06-12 08:06:36', '21.90', 'AM107-24'),
(81, '2024-06-12 08:06:36', '21.90', 'AM107-24'),
(82, '2024-06-12 08:06:38', '21.80', 'AM107-50'),
(83, '2024-06-12 08:06:38', '21.80', 'AM107-50'),
(84, '2024-06-12 08:06:38', '21.80', 'AM107-50'),
(85, '2024-06-12 08:06:42', '23.60', 'AM107-6'),
(86, '2024-06-12 08:06:42', '23.60', 'AM107-6'),
(87, '2024-06-12 08:06:42', '23.60', 'AM107-6'),
(88, '2024-06-12 08:06:56', '23.80', 'AM107-33'),
(89, '2024-06-12 08:06:56', '23.80', 'AM107-33'),
(90, '2024-06-12 08:06:56', '23.80', 'AM107-33'),
(91, '2024-06-12 08:06:59', '24.60', 'AM107-32'),
(92, '2024-06-12 08:06:59', '24.60', 'AM107-32'),
(93, '2024-06-12 08:06:59', '24.60', 'AM107-32'),
(94, '2024-06-12 08:07:00', '23.60', 'AM107-42'),
(95, '2024-06-12 08:07:00', '23.60', 'AM107-42'),
(96, '2024-06-12 08:07:00', '23.60', 'AM107-42'),
(97, '2024-06-12 08:07:01', '21.90', 'AM107-48'),
(98, '2024-06-12 08:07:01', '21.90', 'AM107-48'),
(99, '2024-06-12 08:07:01', '21.90', 'AM107-48'),
(100, '2024-06-12 08:07:08', '21.70', 'AM107-49'),
(101, '2024-06-12 08:07:08', '21.70', 'AM107-49'),
(102, '2024-06-12 08:07:08', '21.70', 'AM107-49'),
(103, '2024-06-12 08:07:36', '23.00', 'AM107-53'),
(104, '2024-06-12 08:07:36', '23.00', 'AM107-53'),
(105, '2024-06-12 08:07:36', '23.00', 'AM107-53'),
(106, '2024-06-12 08:08:10', '22.40', 'AM107-12'),
(107, '2024-06-12 08:08:10', '22.40', 'AM107-12'),
(108, '2024-06-12 08:08:10', '22.40', 'AM107-12'),
(109, '2024-06-12 08:08:28', '22.90', 'AM107-46'),
(110, '2024-06-12 08:08:28', '22.90', 'AM107-46'),
(111, '2024-06-12 08:08:28', '22.90', 'AM107-46'),
(112, '2024-06-12 08:08:30', '24.00', 'AM107-36'),
(113, '2024-06-12 08:08:30', '24.00', 'AM107-36'),
(114, '2024-06-12 08:08:30', '24.00', 'AM107-36'),
(115, '2024-06-12 08:08:42', '22.60', 'AM107-4'),
(116, '2024-06-12 08:08:42', '22.60', 'AM107-4'),
(117, '2024-06-12 08:08:42', '22.60', 'AM107-4'),
(118, '2024-06-12 08:08:56', '25.90', 'AM107-55'),
(119, '2024-06-12 08:08:56', '25.90', 'AM107-55'),
(120, '2024-06-12 08:08:56', '25.90', 'AM107-55'),
(121, '2024-06-12 08:08:58', '21.40', 'AM107-23'),
(122, '2024-06-12 08:08:58', '21.40', 'AM107-23'),
(123, '2024-06-12 08:08:58', '21.40', 'AM107-23'),
(124, '2024-06-12 08:08:58', '22.40', 'AM107-27'),
(125, '2024-06-12 08:08:58', '22.40', 'AM107-27'),
(126, '2024-06-12 08:08:58', '22.40', 'AM107-27'),
(127, '2024-06-12 08:09:00', '23.10', 'AM107-14'),
(128, '2024-06-12 08:09:00', '23.10', 'AM107-14'),
(129, '2024-06-12 08:09:00', '23.10', 'AM107-14'),
(133, '2024-06-12 08:10:09', '22.70', 'AM107-3'),
(134, '2024-06-12 08:10:09', '22.70', 'AM107-3'),
(135, '2024-06-12 08:10:09', '22.70', 'AM107-3'),
(136, '2024-06-12 08:10:26', '21.60', 'AM107-7'),
(137, '2024-06-12 08:10:26', '21.60', 'AM107-7'),
(138, '2024-06-12 08:10:26', '21.60', 'AM107-7'),
(139, '2024-06-12 08:10:28', '24.50', 'AM107-35'),
(140, '2024-06-12 08:10:28', '24.50', 'AM107-35'),
(141, '2024-06-12 08:10:28', '24.50', 'AM107-35'),
(142, '2024-06-12 08:10:28', '21.60', 'AM107-47'),
(143, '2024-06-12 08:10:28', '21.60', 'AM107-47'),
(144, '2024-06-12 08:10:28', '21.60', 'AM107-47'),
(145, '2024-06-12 08:10:41', '21.50', 'AM107-8'),
(146, '2024-06-12 08:10:41', '21.50', 'AM107-8'),
(147, '2024-06-12 08:10:41', '21.50', 'AM107-8'),
(148, '2024-06-12 08:10:43', '22.80', 'AM107-16'),
(149, '2024-06-12 08:10:43', '22.80', 'AM107-16'),
(150, '2024-06-12 08:10:43', '22.80', 'AM107-16'),
(151, '2024-06-12 08:11:06', '23.50', 'AM107-34'),
(152, '2024-06-12 08:11:06', '23.50', 'AM107-34'),
(153, '2024-06-12 08:11:06', '23.50', 'AM107-34'),
(154, '2024-06-12 08:11:28', '23.10', 'AM107-13'),
(155, '2024-06-12 08:11:28', '23.10', 'AM107-13'),
(156, '2024-06-12 08:11:28', '23.10', 'AM107-13'),
(157, '2024-06-12 08:11:28', '25.60', 'AM107-22'),
(158, '2024-06-12 08:11:28', '25.60', 'AM107-22'),
(159, '2024-06-12 08:11:28', '25.60', 'AM107-22'),
(160, '2024-06-12 08:12:10', '22.80', 'AM107-43'),
(161, '2024-06-12 08:12:10', '22.80', 'AM107-43'),
(162, '2024-06-12 08:12:10', '22.80', 'AM107-43'),
(163, '2024-06-12 08:12:13', '24.10', 'AM107-39'),
(164, '2024-06-12 08:12:13', '24.10', 'AM107-39'),
(165, '2024-06-12 08:12:13', '24.10', 'AM107-39'),
(166, '2024-06-12 08:12:57', '22.00', 'AM107-54'),
(167, '2024-06-12 08:12:57', '22.00', 'AM107-54'),
(168, '2024-06-12 08:12:57', '22.00', 'AM107-54'),
(169, '2024-06-12 08:12:59', '23.00', 'AM107-18'),
(170, '2024-06-12 08:12:59', '23.00', 'AM107-18'),
(171, '2024-06-12 08:12:59', '23.00', 'AM107-18'),
(172, '2024-06-12 08:14:39', '22.30', 'AM107-30'),
(173, '2024-06-12 08:14:39', '22.30', 'AM107-30'),
(174, '2024-06-12 08:14:39', '22.30', 'AM107-30'),
(175, '2024-06-12 08:14:52', '22.60', 'AM107-28'),
(176, '2024-06-12 08:14:52', '22.60', 'AM107-28'),
(177, '2024-06-12 08:14:52', '22.60', 'AM107-28'),
(178, '2024-06-12 08:14:57', '20.60', 'AM107-51'),
(179, '2024-06-12 08:14:57', '20.60', 'AM107-51'),
(180, '2024-06-12 08:14:57', '20.60', 'AM107-51'),
(181, '2024-06-12 08:14:57', '22.70', 'AM107-17'),
(182, '2024-06-12 08:14:57', '22.70', 'AM107-17'),
(183, '2024-06-12 08:14:57', '22.70', 'AM107-17'),
(184, '2024-06-12 08:15:26', '22.70', 'AM107-20'),
(185, '2024-06-12 08:15:26', '22.70', 'AM107-20'),
(186, '2024-06-12 08:15:26', '22.70', 'AM107-20'),
(187, '2024-06-12 08:15:30', '22.10', 'AM107-38'),
(188, '2024-06-12 08:15:30', '22.10', 'AM107-38'),
(189, '2024-06-12 08:15:30', '22.10', 'AM107-38'),
(190, '2024-06-12 08:15:56', '23.80', 'AM107-41'),
(191, '2024-06-12 08:15:56', '23.80', 'AM107-41'),
(192, '2024-06-12 08:15:56', '23.80', 'AM107-41'),
(193, '2024-06-12 08:15:56', '24.30', 'AM107-31'),
(194, '2024-06-12 08:15:56', '24.30', 'AM107-31'),
(195, '2024-06-12 08:15:57', '24.30', 'AM107-31'),
(196, '2024-06-12 08:16:29', '24.10', 'AM107-52'),
(197, '2024-06-12 08:16:29', '24.10', 'AM107-52'),
(198, '2024-06-12 08:16:29', '24.10', 'AM107-52'),
(199, '2024-06-12 08:16:37', '21.90', 'AM107-24'),
(200, '2024-06-12 08:16:37', '21.90', 'AM107-24'),
(201, '2024-06-12 08:16:37', '21.90', 'AM107-24'),
(202, '2024-06-12 08:16:38', '21.80', 'AM107-50'),
(203, '2024-06-12 08:16:38', '21.80', 'AM107-50'),
(204, '2024-06-12 08:16:38', '21.80', 'AM107-50'),
(205, '2024-06-12 08:16:42', '23.60', 'AM107-6'),
(206, '2024-06-12 08:16:42', '23.60', 'AM107-6'),
(207, '2024-06-12 08:16:42', '23.60', 'AM107-6'),
(208, '2024-06-12 08:16:59', '23.60', 'AM107-42'),
(209, '2024-06-12 08:16:59', '23.60', 'AM107-42'),
(210, '2024-06-12 08:16:59', '23.60', 'AM107-42'),
(211, '2024-06-12 08:17:01', '22.00', 'AM107-48'),
(212, '2024-06-12 08:17:01', '22.00', 'AM107-48'),
(213, '2024-06-12 08:17:01', '22.00', 'AM107-48'),
(214, '2024-06-12 08:17:08', '21.70', 'AM107-49'),
(215, '2024-06-12 08:17:08', '21.70', 'AM107-49'),
(216, '2024-06-12 08:17:08', '21.70', 'AM107-49'),
(217, '2024-06-12 08:17:38', '23.00', 'AM107-53'),
(218, '2024-06-12 08:17:38', '23.00', 'AM107-53'),
(219, '2024-06-12 08:17:38', '23.00', 'AM107-53'),
(220, '2024-06-12 08:18:12', '22.30', 'AM107-12'),
(221, '2024-06-12 08:18:12', '22.30', 'AM107-12'),
(222, '2024-06-12 08:18:12', '22.30', 'AM107-12'),
(223, '2024-06-12 08:18:28', '22.90', 'AM107-46'),
(224, '2024-06-12 08:18:28', '22.90', 'AM107-46'),
(225, '2024-06-12 08:18:28', '22.90', 'AM107-46'),
(226, '2024-06-12 08:18:29', '24.10', 'AM107-36'),
(227, '2024-06-12 08:18:29', '24.10', 'AM107-36'),
(228, '2024-06-12 08:18:29', '24.10', 'AM107-36'),
(229, '2024-06-12 08:18:42', '22.90', 'AM107-4'),
(230, '2024-06-12 08:18:42', '22.90', 'AM107-4'),
(231, '2024-06-12 08:18:42', '22.90', 'AM107-4'),
(232, '2024-06-12 08:18:57', '25.90', 'AM107-55'),
(233, '2024-06-12 08:18:57', '25.90', 'AM107-55'),
(234, '2024-06-12 08:18:57', '25.90', 'AM107-55'),
(235, '2024-06-12 08:18:58', '21.40', 'AM107-23'),
(236, '2024-06-12 08:18:58', '21.40', 'AM107-23'),
(237, '2024-06-12 08:18:58', '21.40', 'AM107-23'),
(238, '2024-06-12 08:18:59', '22.40', 'AM107-27'),
(239, '2024-06-12 08:18:59', '22.40', 'AM107-27'),
(240, '2024-06-12 08:18:59', '22.40', 'AM107-27'),
(241, '2024-06-12 08:19:00', '22.90', 'AM107-14'),
(242, '2024-06-12 08:19:00', '22.90', 'AM107-14'),
(243, '2024-06-12 08:19:00', '22.90', 'AM107-14'),
(247, '2024-06-12 08:20:09', '22.60', 'AM107-3'),
(248, '2024-06-12 08:20:09', '22.60', 'AM107-3'),
(249, '2024-06-12 08:20:09', '22.60', 'AM107-3'),
(250, '2024-06-12 08:20:25', '21.60', 'AM107-7'),
(251, '2024-06-12 08:20:25', '21.60', 'AM107-7'),
(252, '2024-06-12 08:20:25', '21.60', 'AM107-7'),
(253, '2024-06-12 08:20:27', '24.70', 'AM107-35'),
(254, '2024-06-12 08:20:27', '24.70', 'AM107-35'),
(255, '2024-06-12 08:20:27', '24.70', 'AM107-35'),
(256, '2024-06-12 08:20:28', '21.60', 'AM107-47'),
(257, '2024-06-12 08:20:28', '21.60', 'AM107-47'),
(258, '2024-06-12 08:20:28', '21.60', 'AM107-47'),
(259, '2024-06-12 08:20:41', '21.50', 'AM107-8'),
(260, '2024-06-12 08:20:41', '21.50', 'AM107-8'),
(261, '2024-06-12 08:20:41', '21.50', 'AM107-8'),
(262, '2024-06-12 08:20:43', '22.90', 'AM107-16'),
(263, '2024-06-12 08:20:43', '22.90', 'AM107-16'),
(264, '2024-06-12 08:20:43', '22.90', 'AM107-16'),
(265, '2024-06-12 08:21:06', '23.70', 'AM107-34'),
(266, '2024-06-12 08:21:06', '23.70', 'AM107-34'),
(267, '2024-06-12 08:21:06', '23.70', 'AM107-34'),
(268, '2024-06-12 08:21:27', '22.80', 'AM107-13'),
(269, '2024-06-12 08:21:27', '22.80', 'AM107-13'),
(270, '2024-06-12 08:21:27', '22.80', 'AM107-13'),
(271, '2024-06-12 08:21:28', '25.60', 'AM107-22'),
(272, '2024-06-12 08:21:28', '25.60', 'AM107-22'),
(273, '2024-06-12 08:21:28', '25.60', 'AM107-22'),
(274, '2024-06-12 08:22:08', '22.80', 'AM107-26'),
(275, '2024-06-12 08:22:08', '22.80', 'AM107-26'),
(276, '2024-06-12 08:22:08', '22.80', 'AM107-26'),
(277, '2024-06-12 08:22:10', '22.80', 'AM107-43'),
(278, '2024-06-12 08:22:10', '22.80', 'AM107-43'),
(279, '2024-06-12 08:22:10', '22.80', 'AM107-43'),
(280, '2024-06-12 08:22:13', '24.10', 'AM107-39'),
(281, '2024-06-12 08:22:13', '24.10', 'AM107-39'),
(282, '2024-06-12 08:22:13', '24.10', 'AM107-39'),
(283, '2024-06-12 08:22:54', '22.70', 'AM107-29'),
(284, '2024-06-12 08:22:54', '22.70', 'AM107-29'),
(285, '2024-06-12 08:22:54', '22.70', 'AM107-29'),
(286, '2024-06-12 08:22:57', '22.00', 'AM107-54'),
(287, '2024-06-12 08:22:57', '22.00', 'AM107-54'),
(288, '2024-06-12 08:22:57', '22.00', 'AM107-54'),
(289, '2024-06-12 08:22:59', '23.10', 'AM107-18'),
(290, '2024-06-12 08:22:59', '23.10', 'AM107-18'),
(291, '2024-06-12 08:22:59', '23.10', 'AM107-18'),
(292, '2024-06-12 08:24:39', '22.50', 'AM107-30'),
(293, '2024-06-12 08:24:39', '22.50', 'AM107-30'),
(294, '2024-06-12 08:24:39', '22.50', 'AM107-30'),
(295, '2024-06-12 08:24:52', '22.60', 'AM107-28'),
(296, '2024-06-12 08:24:52', '22.60', 'AM107-28'),
(297, '2024-06-12 08:24:52', '22.60', 'AM107-28'),
(298, '2024-06-12 08:24:56', '20.60', 'AM107-51'),
(299, '2024-06-12 08:24:56', '20.60', 'AM107-51'),
(300, '2024-06-12 08:24:56', '20.60', 'AM107-51'),
(301, '2024-06-12 08:24:57', '22.70', 'AM107-17'),
(302, '2024-06-12 08:24:57', '22.70', 'AM107-17'),
(303, '2024-06-12 08:24:57', '22.70', 'AM107-17'),
(304, '2024-06-12 08:25:26', '22.70', 'AM107-20'),
(305, '2024-06-12 08:25:26', '22.70', 'AM107-20'),
(306, '2024-06-12 08:25:26', '22.70', 'AM107-20'),
(307, '2024-06-12 08:25:30', '21.80', 'AM107-38'),
(308, '2024-06-12 08:25:30', '21.80', 'AM107-38'),
(309, '2024-06-12 08:25:30', '21.80', 'AM107-38'),
(310, '2024-06-12 08:25:56', '23.70', 'AM107-41'),
(311, '2024-06-12 08:25:56', '23.70', 'AM107-41'),
(312, '2024-06-12 08:25:56', '23.70', 'AM107-41'),
(313, '2024-06-12 08:25:56', '24.30', 'AM107-31'),
(314, '2024-06-12 08:25:57', '24.30', 'AM107-31'),
(315, '2024-06-12 08:25:57', '24.30', 'AM107-31'),
(316, '2024-06-12 08:26:30', '24.00', 'AM107-52'),
(317, '2024-06-12 08:26:30', '24.00', 'AM107-52'),
(318, '2024-06-12 08:26:30', '24.00', 'AM107-52'),
(319, '2024-06-12 08:26:37', '21.90', 'AM107-24'),
(320, '2024-06-12 08:26:37', '21.90', 'AM107-24'),
(321, '2024-06-12 08:26:37', '21.90', 'AM107-24'),
(322, '2024-06-12 08:26:38', '21.70', 'AM107-50'),
(323, '2024-06-12 08:26:38', '21.70', 'AM107-50'),
(324, '2024-06-12 08:26:38', '21.70', 'AM107-50'),
(325, '2024-06-12 08:26:42', '23.60', 'AM107-6'),
(326, '2024-06-12 08:26:42', '23.60', 'AM107-6'),
(327, '2024-06-12 08:26:42', '23.60', 'AM107-6'),
(328, '2024-06-12 08:26:57', '23.80', 'AM107-33'),
(329, '2024-06-12 08:26:57', '23.80', 'AM107-33'),
(330, '2024-06-12 08:26:57', '23.80', 'AM107-33'),
(331, '2024-06-12 08:26:58', '24.60', 'AM107-32'),
(332, '2024-06-12 08:26:58', '24.60', 'AM107-32'),
(333, '2024-06-12 08:26:58', '24.60', 'AM107-32'),
(334, '2024-06-12 08:27:00', '23.60', 'AM107-42'),
(335, '2024-06-12 08:27:00', '23.60', 'AM107-42'),
(336, '2024-06-12 08:27:00', '23.60', 'AM107-42'),
(337, '2024-06-12 08:27:01', '21.90', 'AM107-48'),
(338, '2024-06-12 08:27:01', '21.90', 'AM107-48'),
(339, '2024-06-12 08:27:01', '21.90', 'AM107-48'),
(340, '2024-06-12 08:27:07', '21.60', 'AM107-49'),
(341, '2024-06-12 08:27:07', '21.60', 'AM107-49'),
(342, '2024-06-12 08:27:07', '21.60', 'AM107-49'),
(343, '2024-06-12 08:27:37', '22.90', 'AM107-53'),
(344, '2024-06-12 08:27:37', '22.90', 'AM107-53'),
(345, '2024-06-12 08:27:37', '22.90', 'AM107-53'),
(346, '2024-06-12 08:28:12', '22.40', 'AM107-12'),
(347, '2024-06-12 08:28:12', '22.40', 'AM107-12'),
(348, '2024-06-12 08:28:12', '22.40', 'AM107-12'),
(349, '2024-06-12 08:28:29', '24.10', 'AM107-36'),
(350, '2024-06-12 08:28:29', '24.10', 'AM107-36'),
(351, '2024-06-12 08:28:29', '24.10', 'AM107-36'),
(352, '2024-06-12 08:28:29', '22.90', 'AM107-46'),
(353, '2024-06-12 08:28:29', '22.90', 'AM107-46'),
(354, '2024-06-12 08:28:29', '22.90', 'AM107-46'),
(355, '2024-06-12 08:28:41', '23.20', 'AM107-4'),
(356, '2024-06-12 08:28:41', '23.20', 'AM107-4'),
(357, '2024-06-12 08:28:41', '23.20', 'AM107-4'),
(358, '2024-06-12 08:28:56', '25.90', 'AM107-55'),
(359, '2024-06-12 08:28:56', '25.90', 'AM107-55'),
(360, '2024-06-12 08:28:56', '25.90', 'AM107-55'),
(361, '2024-06-12 08:28:58', '21.40', 'AM107-23'),
(362, '2024-06-12 08:28:58', '21.40', 'AM107-23'),
(363, '2024-06-12 08:28:58', '21.40', 'AM107-23'),
(364, '2024-06-12 08:28:59', '22.40', 'AM107-27'),
(365, '2024-06-12 08:28:59', '22.40', 'AM107-27'),
(366, '2024-06-12 08:28:59', '22.40', 'AM107-27'),
(367, '2024-06-12 08:29:00', '22.70', 'AM107-14'),
(368, '2024-06-12 08:29:00', '22.70', 'AM107-14'),
(369, '2024-06-12 08:29:00', '22.70', 'AM107-14'),
(373, '2024-06-12 08:30:09', '22.60', 'AM107-3'),
(374, '2024-06-12 08:30:09', '22.60', 'AM107-3'),
(375, '2024-06-12 08:30:09', '22.60', 'AM107-3'),
(376, '2024-06-12 08:30:25', '21.60', 'AM107-7'),
(377, '2024-06-12 08:30:25', '21.60', 'AM107-7'),
(378, '2024-06-12 08:30:25', '21.60', 'AM107-7'),
(379, '2024-06-12 08:30:29', '21.70', 'AM107-47'),
(380, '2024-06-12 08:30:29', '21.70', 'AM107-47'),
(381, '2024-06-12 08:30:29', '21.70', 'AM107-47'),
(382, '2024-06-12 08:30:41', '21.50', 'AM107-8'),
(383, '2024-06-12 08:30:41', '21.50', 'AM107-8'),
(384, '2024-06-12 08:30:41', '21.50', 'AM107-8'),
(385, '2024-06-12 08:30:43', '22.80', 'AM107-16'),
(386, '2024-06-12 08:30:43', '22.80', 'AM107-16'),
(387, '2024-06-12 08:30:43', '22.80', 'AM107-16'),
(388, '2024-06-12 08:31:05', '24.00', 'AM107-34'),
(389, '2024-06-12 08:31:05', '24.00', 'AM107-34'),
(390, '2024-06-12 08:31:05', '24.00', 'AM107-34'),
(391, '2024-06-12 08:31:27', '22.70', 'AM107-13'),
(392, '2024-06-12 08:31:27', '22.70', 'AM107-13'),
(393, '2024-06-12 08:31:27', '22.70', 'AM107-13'),
(394, '2024-06-12 08:31:27', '25.60', 'AM107-22'),
(395, '2024-06-12 08:31:27', '25.60', 'AM107-22'),
(396, '2024-06-12 08:31:27', '25.60', 'AM107-22'),
(397, '2024-06-12 08:32:08', '22.70', 'AM107-26'),
(398, '2024-06-12 08:32:08', '22.70', 'AM107-26'),
(399, '2024-06-12 08:32:08', '22.70', 'AM107-26'),
(400, '2024-06-12 08:32:10', '22.80', 'AM107-43'),
(401, '2024-06-12 08:32:10', '22.80', 'AM107-43'),
(402, '2024-06-12 08:32:10', '22.80', 'AM107-43'),
(403, '2024-06-12 08:32:14', '24.10', 'AM107-39'),
(404, '2024-06-12 08:32:14', '24.10', 'AM107-39'),
(405, '2024-06-12 08:32:14', '24.10', 'AM107-39'),
(406, '2024-06-12 08:32:55', '22.80', 'AM107-29'),
(407, '2024-06-12 08:32:55', '22.80', 'AM107-29'),
(408, '2024-06-12 08:32:55', '22.80', 'AM107-29'),
(409, '2024-06-12 08:32:57', '22.00', 'AM107-54'),
(410, '2024-06-12 08:32:57', '22.00', 'AM107-54'),
(411, '2024-06-12 08:32:57', '22.00', 'AM107-54'),
(412, '2024-06-12 08:33:00', '23.20', 'AM107-18'),
(413, '2024-06-12 08:33:00', '23.20', 'AM107-18'),
(414, '2024-06-12 08:33:00', '23.20', 'AM107-18'),
(415, '2024-06-12 08:34:39', '22.50', 'AM107-30'),
(416, '2024-06-12 08:34:39', '22.50', 'AM107-30'),
(417, '2024-06-12 08:34:39', '22.50', 'AM107-30'),
(418, '2024-06-12 08:34:56', '20.60', 'AM107-51'),
(419, '2024-06-12 08:34:56', '20.60', 'AM107-51'),
(420, '2024-06-12 08:34:56', '20.60', 'AM107-51'),
(421, '2024-06-12 08:34:57', '22.60', 'AM107-17'),
(422, '2024-06-12 08:34:57', '22.60', 'AM107-17'),
(423, '2024-06-12 08:34:57', '22.60', 'AM107-17'),
(424, '2024-06-12 08:35:26', '22.70', 'AM107-20'),
(425, '2024-06-12 08:35:26', '22.70', 'AM107-20'),
(426, '2024-06-12 08:35:26', '22.70', 'AM107-20'),
(427, '2024-06-12 08:35:30', '22.30', 'AM107-38'),
(428, '2024-06-12 08:35:30', '22.30', 'AM107-38'),
(429, '2024-06-12 08:35:30', '22.30', 'AM107-38'),
(430, '2024-06-12 08:35:57', '23.90', 'AM107-41'),
(431, '2024-06-12 08:35:57', '23.90', 'AM107-41'),
(432, '2024-06-12 08:35:57', '23.90', 'AM107-41'),
(433, '2024-06-12 08:35:57', '24.30', 'AM107-31'),
(434, '2024-06-12 08:35:57', '24.30', 'AM107-31'),
(435, '2024-06-12 08:35:57', '24.30', 'AM107-31'),
(436, '2024-06-12 08:36:30', '23.50', 'AM107-52'),
(437, '2024-06-12 08:36:30', '23.50', 'AM107-52'),
(438, '2024-06-12 08:36:30', '23.50', 'AM107-52'),
(439, '2024-06-12 08:36:37', '21.90', 'AM107-24'),
(440, '2024-06-12 08:36:37', '21.90', 'AM107-24'),
(441, '2024-06-12 08:36:37', '21.90', 'AM107-24'),
(442, '2024-06-12 08:36:37', '21.60', 'AM107-50'),
(443, '2024-06-12 08:36:37', '21.60', 'AM107-50'),
(444, '2024-06-12 08:36:37', '21.60', 'AM107-50'),
(445, '2024-06-12 08:36:43', '23.60', 'AM107-6'),
(446, '2024-06-12 08:36:43', '23.60', 'AM107-6'),
(447, '2024-06-12 08:36:43', '23.60', 'AM107-6'),
(448, '2024-06-12 08:36:56', '23.80', 'AM107-33'),
(449, '2024-06-12 08:36:56', '23.80', 'AM107-33'),
(450, '2024-06-12 08:36:56', '23.80', 'AM107-33'),
(451, '2024-06-12 08:37:00', '23.60', 'AM107-42'),
(452, '2024-06-12 08:37:00', '23.60', 'AM107-42'),
(453, '2024-06-12 08:37:00', '23.60', 'AM107-42'),
(454, '2024-06-12 08:37:00', '22.00', 'AM107-48'),
(455, '2024-06-12 08:37:00', '22.00', 'AM107-48'),
(456, '2024-06-12 08:37:00', '22.00', 'AM107-48'),
(457, '2024-06-12 08:37:01', '24.60', 'AM107-32'),
(458, '2024-06-12 08:37:01', '24.60', 'AM107-32'),
(459, '2024-06-12 08:37:01', '24.60', 'AM107-32'),
(460, '2024-06-12 08:37:08', '21.50', 'AM107-49'),
(461, '2024-06-12 08:37:08', '21.50', 'AM107-49'),
(462, '2024-06-12 08:37:08', '21.50', 'AM107-49'),
(463, '2024-06-12 08:37:36', '22.90', 'AM107-53'),
(464, '2024-06-12 08:37:36', '22.90', 'AM107-53'),
(465, '2024-06-12 08:37:36', '22.90', 'AM107-53'),
(466, '2024-06-12 08:38:12', '22.50', 'AM107-12'),
(467, '2024-06-12 08:38:12', '22.50', 'AM107-12'),
(468, '2024-06-12 08:38:12', '22.50', 'AM107-12'),
(469, '2024-06-12 08:38:29', '24.00', 'AM107-36'),
(470, '2024-06-12 08:38:29', '24.00', 'AM107-36'),
(471, '2024-06-12 08:38:29', '24.00', 'AM107-36'),
(472, '2024-06-12 08:38:29', '22.90', 'AM107-46'),
(473, '2024-06-12 08:38:29', '22.90', 'AM107-46'),
(474, '2024-06-12 08:38:29', '22.90', 'AM107-46'),
(475, '2024-06-12 08:38:42', '23.50', 'AM107-4'),
(476, '2024-06-12 08:38:42', '23.50', 'AM107-4'),
(477, '2024-06-12 08:38:42', '23.50', 'AM107-4'),
(478, '2024-06-12 08:38:56', '25.90', 'AM107-55'),
(479, '2024-06-12 08:38:56', '25.90', 'AM107-55'),
(480, '2024-06-12 08:38:56', '25.90', 'AM107-55'),
(481, '2024-06-12 08:38:58', '21.40', 'AM107-23'),
(482, '2024-06-12 08:38:58', '21.40', 'AM107-23'),
(483, '2024-06-12 08:38:58', '21.40', 'AM107-23'),
(484, '2024-06-12 08:38:59', '22.40', 'AM107-27'),
(485, '2024-06-12 08:38:59', '22.40', 'AM107-27'),
(486, '2024-06-12 08:38:59', '22.40', 'AM107-27'),
(487, '2024-06-12 08:39:00', '22.50', 'AM107-14'),
(488, '2024-06-12 08:39:00', '22.50', 'AM107-14'),
(489, '2024-06-12 08:39:00', '22.50', 'AM107-14'),
(493, '2024-06-12 08:40:09', '22.50', 'AM107-3'),
(494, '2024-06-12 08:40:09', '22.50', 'AM107-3'),
(495, '2024-06-12 08:40:09', '22.50', 'AM107-3'),
(496, '2024-06-12 08:40:25', '21.60', 'AM107-7'),
(497, '2024-06-12 08:40:25', '21.60', 'AM107-7'),
(498, '2024-06-12 08:40:25', '21.60', 'AM107-7'),
(499, '2024-06-12 08:40:28', '24.30', 'AM107-35'),
(500, '2024-06-12 08:40:28', '24.30', 'AM107-35'),
(501, '2024-06-12 08:40:28', '24.30', 'AM107-35'),
(502, '2024-06-12 08:40:29', '21.70', 'AM107-47'),
(503, '2024-06-12 08:40:29', '21.70', 'AM107-47'),
(504, '2024-06-12 08:40:29', '21.70', 'AM107-47'),
(505, '2024-06-12 08:40:41', '21.50', 'AM107-8'),
(506, '2024-06-12 08:40:41', '21.50', 'AM107-8'),
(507, '2024-06-12 08:40:41', '21.50', 'AM107-8'),
(508, '2024-06-12 08:40:43', '22.80', 'AM107-16'),
(509, '2024-06-12 08:40:43', '22.80', 'AM107-16'),
(510, '2024-06-12 08:40:43', '22.80', 'AM107-16'),
(511, '2024-06-12 08:41:05', '24.30', 'AM107-34'),
(512, '2024-06-12 08:41:05', '24.30', 'AM107-34'),
(513, '2024-06-12 08:41:05', '24.30', 'AM107-34'),
(514, '2024-06-12 08:41:28', '22.50', 'AM107-13'),
(515, '2024-06-12 08:41:28', '22.50', 'AM107-13'),
(516, '2024-06-12 08:41:28', '22.50', 'AM107-13'),
(517, '2024-06-12 08:41:28', '25.60', 'AM107-22'),
(518, '2024-06-12 08:41:28', '25.60', 'AM107-22'),
(519, '2024-06-12 08:41:28', '25.60', 'AM107-22'),
(520, '2024-06-12 08:42:08', '22.80', 'AM107-26'),
(521, '2024-06-12 08:42:08', '22.80', 'AM107-26'),
(522, '2024-06-12 08:42:08', '22.80', 'AM107-26'),
(523, '2024-06-12 08:42:09', '22.80', 'AM107-43'),
(524, '2024-06-12 08:42:09', '22.80', 'AM107-43'),
(525, '2024-06-12 08:42:09', '22.80', 'AM107-43'),
(526, '2024-06-12 08:42:14', '24.10', 'AM107-39'),
(527, '2024-06-12 08:42:14', '24.10', 'AM107-39'),
(528, '2024-06-12 08:42:14', '24.10', 'AM107-39'),
(529, '2024-06-12 08:42:57', '22.00', 'AM107-54'),
(530, '2024-06-12 08:42:57', '22.00', 'AM107-54'),
(531, '2024-06-12 08:42:57', '22.00', 'AM107-54'),
(532, '2024-06-12 08:43:00', '23.30', 'AM107-18'),
(533, '2024-06-12 08:43:00', '23.30', 'AM107-18'),
(534, '2024-06-12 08:43:00', '23.30', 'AM107-18'),
(535, '2024-06-12 08:44:39', '22.60', 'AM107-30'),
(536, '2024-06-12 08:44:39', '22.60', 'AM107-30'),
(537, '2024-06-12 08:44:39', '22.60', 'AM107-30'),
(538, '2024-06-12 08:44:52', '22.60', 'AM107-28'),
(539, '2024-06-12 08:44:52', '22.60', 'AM107-28'),
(540, '2024-06-12 08:44:52', '22.60', 'AM107-28'),
(541, '2024-06-12 08:44:56', '20.60', 'AM107-51'),
(542, '2024-06-12 08:44:56', '20.60', 'AM107-51'),
(543, '2024-06-12 08:44:56', '20.60', 'AM107-51'),
(544, '2024-06-12 08:44:57', '22.50', 'AM107-17'),
(545, '2024-06-12 08:44:57', '22.50', 'AM107-17'),
(546, '2024-06-12 08:44:57', '22.50', 'AM107-17'),
(547, '2024-06-12 08:45:26', '22.70', 'AM107-20'),
(548, '2024-06-12 08:45:26', '22.70', 'AM107-20'),
(549, '2024-06-12 08:45:26', '22.70', 'AM107-20'),
(550, '2024-06-12 08:45:30', '22.50', 'AM107-38'),
(551, '2024-06-12 08:45:30', '22.50', 'AM107-38'),
(552, '2024-06-12 08:45:30', '22.50', 'AM107-38'),
(553, '2024-06-12 08:45:56', '24.00', 'AM107-41'),
(554, '2024-06-12 08:45:56', '24.00', 'AM107-41'),
(555, '2024-06-12 08:45:56', '24.00', 'AM107-41'),
(556, '2024-06-12 08:45:57', '24.30', 'AM107-31'),
(557, '2024-06-12 08:45:57', '24.30', 'AM107-31'),
(558, '2024-06-12 08:45:57', '24.30', 'AM107-31'),
(559, '2024-06-12 08:46:30', '22.80', 'AM107-52'),
(560, '2024-06-12 08:46:30', '22.80', 'AM107-52'),
(561, '2024-06-12 08:46:30', '22.80', 'AM107-52'),
(562, '2024-06-12 08:46:37', '21.90', 'AM107-24'),
(563, '2024-06-12 08:46:37', '21.90', 'AM107-24'),
(564, '2024-06-12 08:46:37', '21.90', 'AM107-24'),
(565, '2024-06-12 08:46:38', '21.50', 'AM107-50'),
(566, '2024-06-12 08:46:38', '21.50', 'AM107-50'),
(567, '2024-06-12 08:46:38', '21.50', 'AM107-50'),
(568, '2024-06-12 08:46:42', '23.60', 'AM107-6'),
(569, '2024-06-12 08:46:42', '23.60', 'AM107-6'),
(570, '2024-06-12 08:46:42', '23.60', 'AM107-6'),
(571, '2024-06-12 08:46:58', '23.80', 'AM107-33'),
(572, '2024-06-12 08:46:59', '23.80', 'AM107-33'),
(573, '2024-06-12 08:46:59', '23.80', 'AM107-33'),
(574, '2024-06-12 08:47:00', '23.50', 'AM107-42'),
(575, '2024-06-12 08:47:00', '23.50', 'AM107-42'),
(576, '2024-06-12 08:47:00', '23.50', 'AM107-42'),
(577, '2024-06-12 08:47:01', '24.60', 'AM107-32'),
(578, '2024-06-12 08:47:01', '24.60', 'AM107-32'),
(579, '2024-06-12 08:47:01', '24.60', 'AM107-32'),
(580, '2024-06-12 08:47:01', '22.00', 'AM107-48'),
(581, '2024-06-12 08:47:01', '22.00', 'AM107-48'),
(582, '2024-06-12 08:47:01', '22.00', 'AM107-48'),
(583, '2024-06-12 08:47:08', '21.50', 'AM107-49'),
(584, '2024-06-12 08:47:08', '21.50', 'AM107-49'),
(585, '2024-06-12 08:47:08', '21.50', 'AM107-49'),
(586, '2024-06-12 08:47:36', '22.90', 'AM107-53'),
(587, '2024-06-12 08:47:36', '22.90', 'AM107-53'),
(588, '2024-06-12 08:47:36', '22.90', 'AM107-53'),
(589, '2024-06-12 08:48:12', '22.60', 'AM107-12'),
(590, '2024-06-12 08:48:12', '22.60', 'AM107-12'),
(591, '2024-06-12 08:48:12', '22.60', 'AM107-12'),
(592, '2024-06-12 08:48:28', '24.10', 'AM107-36'),
(593, '2024-06-12 08:48:28', '24.10', 'AM107-36'),
(594, '2024-06-12 08:48:28', '24.10', 'AM107-36'),
(595, '2024-06-12 08:48:29', '22.90', 'AM107-46'),
(596, '2024-06-12 08:48:29', '22.90', 'AM107-46'),
(597, '2024-06-12 08:48:29', '22.90', 'AM107-46'),
(598, '2024-06-12 08:48:42', '23.70', 'AM107-4'),
(599, '2024-06-12 08:48:42', '23.70', 'AM107-4'),
(600, '2024-06-12 08:48:42', '23.70', 'AM107-4'),
(601, '2024-06-12 08:48:57', '25.90', 'AM107-55'),
(602, '2024-06-12 08:48:57', '25.90', 'AM107-55'),
(603, '2024-06-12 08:48:57', '25.90', 'AM107-55'),
(604, '2024-06-12 08:48:58', '21.40', 'AM107-23'),
(605, '2024-06-12 08:48:58', '21.40', 'AM107-23'),
(606, '2024-06-12 08:48:58', '21.40', 'AM107-23'),
(607, '2024-06-12 08:48:58', '22.40', 'AM107-27'),
(608, '2024-06-12 08:48:58', '22.40', 'AM107-27'),
(609, '2024-06-12 08:48:58', '22.40', 'AM107-27'),
(610, '2024-06-12 08:48:59', '22.30', 'AM107-14'),
(611, '2024-06-12 08:48:59', '22.30', 'AM107-14'),
(612, '2024-06-12 08:48:59', '22.30', 'AM107-14'),
(616, '2024-06-12 08:50:10', '22.40', 'AM107-3'),
(617, '2024-06-12 08:50:10', '22.40', 'AM107-3'),
(618, '2024-06-12 08:50:10', '22.40', 'AM107-3'),
(619, '2024-06-12 08:50:25', '21.60', 'AM107-7'),
(620, '2024-06-12 08:50:25', '21.60', 'AM107-7'),
(621, '2024-06-12 08:50:25', '21.60', 'AM107-7'),
(622, '2024-06-12 08:50:28', '24.20', 'AM107-35'),
(623, '2024-06-12 08:50:28', '24.20', 'AM107-35'),
(624, '2024-06-12 08:50:28', '24.20', 'AM107-35'),
(625, '2024-06-12 08:50:28', '21.70', 'AM107-47'),
(626, '2024-06-12 08:50:28', '21.70', 'AM107-47'),
(627, '2024-06-12 08:50:28', '21.70', 'AM107-47'),
(628, '2024-06-12 08:50:30', '21.70', 'AM107-47'),
(629, '2024-06-12 08:50:30', '21.70', 'AM107-47'),
(630, '2024-06-12 08:50:30', '21.70', 'AM107-47'),
(631, '2024-06-12 08:50:43', '22.90', 'AM107-16'),
(632, '2024-06-12 08:50:43', '22.90', 'AM107-16'),
(633, '2024-06-12 08:50:43', '22.90', 'AM107-16'),
(634, '2024-06-12 08:51:06', '24.40', 'AM107-34'),
(635, '2024-06-12 08:51:06', '24.40', 'AM107-34'),
(636, '2024-06-12 08:51:06', '24.40', 'AM107-34'),
(637, '2024-06-12 08:51:28', '22.30', 'AM107-13'),
(638, '2024-06-12 08:51:28', '22.30', 'AM107-13'),
(639, '2024-06-12 08:51:28', '22.30', 'AM107-13'),
(640, '2024-06-12 08:51:28', '25.60', 'AM107-22'),
(641, '2024-06-12 08:51:28', '25.60', 'AM107-22'),
(642, '2024-06-12 08:51:28', '25.60', 'AM107-22'),
(643, '2024-06-12 08:52:10', '22.80', 'AM107-26'),
(644, '2024-06-12 08:52:10', '22.80', 'AM107-26'),
(645, '2024-06-12 08:52:10', '22.80', 'AM107-26'),
(646, '2024-06-12 08:52:10', '22.80', 'AM107-43'),
(647, '2024-06-12 08:52:10', '22.80', 'AM107-43'),
(648, '2024-06-12 08:52:10', '22.80', 'AM107-43'),
(649, '2024-06-12 08:52:13', '24.10', 'AM107-39'),
(650, '2024-06-12 08:52:13', '24.10', 'AM107-39'),
(651, '2024-06-12 08:52:13', '24.10', 'AM107-39'),
(652, '2024-06-12 08:52:54', '23.10', 'AM107-29'),
(653, '2024-06-12 08:52:54', '23.10', 'AM107-29'),
(654, '2024-06-12 08:52:54', '23.10', 'AM107-29'),
(655, '2024-06-12 08:52:57', '22.00', 'AM107-54'),
(656, '2024-06-12 08:52:57', '22.00', 'AM107-54'),
(657, '2024-06-12 08:52:57', '22.00', 'AM107-54'),
(658, '2024-06-12 08:52:59', '23.40', 'AM107-18'),
(659, '2024-06-12 08:52:59', '23.40', 'AM107-18'),
(660, '2024-06-12 08:52:59', '23.40', 'AM107-18'),
(661, '2024-06-12 08:54:39', '22.60', 'AM107-30'),
(662, '2024-06-12 08:54:39', '22.60', 'AM107-30'),
(663, '2024-06-12 08:54:39', '22.60', 'AM107-30'),
(664, '2024-06-12 08:54:52', '22.50', 'AM107-28'),
(665, '2024-06-12 08:54:52', '22.50', 'AM107-28'),
(666, '2024-06-12 08:54:52', '22.50', 'AM107-28'),
(667, '2024-06-12 08:54:56', '20.60', 'AM107-51'),
(668, '2024-06-12 08:54:56', '20.60', 'AM107-51'),
(669, '2024-06-12 08:54:57', '20.60', 'AM107-51'),
(670, '2024-06-12 08:54:57', '22.40', 'AM107-17'),
(671, '2024-06-12 08:54:57', '22.40', 'AM107-17'),
(672, '2024-06-12 08:54:57', '22.40', 'AM107-17'),
(673, '2024-06-12 08:55:26', '22.70', 'AM107-20'),
(674, '2024-06-12 08:55:26', '22.70', 'AM107-20'),
(675, '2024-06-12 08:55:26', '22.70', 'AM107-20'),
(676, '2024-06-12 08:55:30', '22.90', 'AM107-38'),
(677, '2024-06-12 08:55:30', '22.90', 'AM107-38'),
(678, '2024-06-12 08:55:30', '22.90', 'AM107-38'),
(679, '2024-06-12 08:55:56', '24.10', 'AM107-41'),
(680, '2024-06-12 08:55:56', '24.10', 'AM107-41'),
(681, '2024-06-12 08:55:56', '24.10', 'AM107-41'),
(682, '2024-06-12 08:55:56', '24.30', 'AM107-31'),
(683, '2024-06-12 08:55:57', '24.30', 'AM107-31'),
(684, '2024-06-12 08:55:57', '24.30', 'AM107-31'),
(685, '2024-06-12 08:56:28', '22.20', 'AM107-52'),
(686, '2024-06-12 08:56:28', '22.20', 'AM107-52'),
(687, '2024-06-12 08:56:28', '22.20', 'AM107-52'),
(688, '2024-06-12 08:56:37', '21.90', 'AM107-24'),
(689, '2024-06-12 08:56:37', '21.90', 'AM107-24'),
(690, '2024-06-12 08:56:37', '21.90', 'AM107-24'),
(691, '2024-06-12 08:56:38', '21.50', 'AM107-50'),
(692, '2024-06-12 08:56:38', '21.50', 'AM107-50'),
(693, '2024-06-12 08:56:38', '21.50', 'AM107-50'),
(694, '2024-06-12 08:56:42', '23.60', 'AM107-6'),
(695, '2024-06-12 08:56:42', '23.60', 'AM107-6'),
(696, '2024-06-12 08:56:42', '23.60', 'AM107-6'),
(697, '2024-06-12 08:56:56', '23.90', 'AM107-33'),
(698, '2024-06-12 08:56:56', '23.90', 'AM107-33'),
(699, '2024-06-12 08:56:56', '23.90', 'AM107-33'),
(700, '2024-06-12 08:56:58', '24.60', 'AM107-32'),
(701, '2024-06-12 08:56:58', '24.60', 'AM107-32'),
(702, '2024-06-12 08:56:58', '24.60', 'AM107-32'),
(703, '2024-06-12 08:57:00', '23.50', 'AM107-42'),
(704, '2024-06-12 08:57:00', '23.50', 'AM107-42'),
(705, '2024-06-12 08:57:00', '23.50', 'AM107-42'),
(706, '2024-06-12 08:57:01', '22.10', 'AM107-48'),
(707, '2024-06-12 08:57:01', '22.10', 'AM107-48'),
(708, '2024-06-12 08:57:01', '22.10', 'AM107-48'),
(709, '2024-06-12 08:57:08', '21.50', 'AM107-49'),
(710, '2024-06-12 08:57:08', '21.50', 'AM107-49'),
(711, '2024-06-12 08:57:08', '21.50', 'AM107-49'),
(712, '2024-06-12 08:57:36', '22.90', 'AM107-53'),
(713, '2024-06-12 08:57:36', '22.90', 'AM107-53'),
(714, '2024-06-12 08:57:36', '22.90', 'AM107-53'),
(715, '2024-06-12 08:58:12', '22.60', 'AM107-12'),
(716, '2024-06-12 08:58:12', '22.60', 'AM107-12'),
(717, '2024-06-12 08:58:12', '22.60', 'AM107-12'),
(718, '2024-06-12 08:58:28', '24.10', 'AM107-36'),
(719, '2024-06-12 08:58:28', '24.10', 'AM107-36'),
(720, '2024-06-12 08:58:28', '24.10', 'AM107-36'),
(721, '2024-06-12 08:58:29', '22.80', 'AM107-46'),
(722, '2024-06-12 08:58:29', '22.80', 'AM107-46'),
(723, '2024-06-12 08:58:29', '22.80', 'AM107-46'),
(724, '2024-06-12 08:58:42', '23.90', 'AM107-4'),
(725, '2024-06-12 08:58:42', '23.90', 'AM107-4'),
(726, '2024-06-12 08:58:42', '23.90', 'AM107-4'),
(727, '2024-06-12 08:58:57', '25.90', 'AM107-55'),
(728, '2024-06-12 08:58:57', '25.90', 'AM107-55'),
(729, '2024-06-12 08:58:57', '25.90', 'AM107-55'),
(730, '2024-06-12 08:58:58', '21.50', 'AM107-23'),
(731, '2024-06-12 08:58:58', '21.50', 'AM107-23'),
(732, '2024-06-12 08:58:58', '21.50', 'AM107-23'),
(733, '2024-06-12 08:58:59', '22.40', 'AM107-27'),
(734, '2024-06-12 08:58:59', '22.40', 'AM107-27'),
(735, '2024-06-12 08:58:59', '22.40', 'AM107-27'),
(736, '2024-06-12 08:58:59', '22.10', 'AM107-14'),
(737, '2024-06-12 08:58:59', '22.10', 'AM107-14'),
(738, '2024-06-12 08:58:59', '22.10', 'AM107-14'),
(742, '2024-06-12 09:00:10', '22.40', 'AM107-3'),
(743, '2024-06-12 09:00:10', '22.40', 'AM107-3'),
(744, '2024-06-12 09:00:10', '22.40', 'AM107-3'),
(745, '2024-06-12 09:00:25', '21.60', 'AM107-7'),
(746, '2024-06-12 09:00:25', '21.60', 'AM107-7'),
(747, '2024-06-12 09:00:25', '21.60', 'AM107-7'),
(748, '2024-06-12 09:00:27', '24.00', 'AM107-35'),
(749, '2024-06-12 09:00:27', '24.00', 'AM107-35'),
(750, '2024-06-12 09:00:27', '24.00', 'AM107-35'),
(751, '2024-06-12 09:00:28', '21.80', 'AM107-47'),
(752, '2024-06-12 09:00:28', '21.80', 'AM107-47'),
(753, '2024-06-12 09:00:28', '21.80', 'AM107-47'),
(754, '2024-06-12 09:00:30', '21.80', 'AM107-47'),
(755, '2024-06-12 09:00:30', '21.80', 'AM107-47'),
(756, '2024-06-12 09:00:30', '21.80', 'AM107-47'),
(757, '2024-06-12 09:00:41', '21.50', 'AM107-8'),
(758, '2024-06-12 09:00:41', '21.50', 'AM107-8'),
(759, '2024-06-12 09:00:41', '21.50', 'AM107-8'),
(760, '2024-06-12 09:00:44', '22.80', 'AM107-16'),
(761, '2024-06-12 09:00:44', '22.80', 'AM107-16'),
(762, '2024-06-12 09:00:44', '22.80', 'AM107-16'),
(763, '2024-06-12 09:01:05', '24.60', 'AM107-34'),
(764, '2024-06-12 09:01:05', '24.60', 'AM107-34'),
(765, '2024-06-12 09:01:05', '24.60', 'AM107-34'),
(766, '2024-06-12 09:01:27', '22.20', 'AM107-13'),
(767, '2024-06-12 09:01:27', '22.20', 'AM107-13'),
(768, '2024-06-12 09:01:27', '22.20', 'AM107-13'),
(769, '2024-06-12 09:01:28', '25.60', 'AM107-22'),
(770, '2024-06-12 09:01:28', '25.60', 'AM107-22'),
(771, '2024-06-12 09:01:28', '25.60', 'AM107-22'),
(772, '2024-06-12 09:02:07', '22.80', 'AM107-26'),
(773, '2024-06-12 09:02:07', '22.80', 'AM107-26'),
(774, '2024-06-12 09:02:07', '22.80', 'AM107-26'),
(775, '2024-06-12 09:02:10', '22.80', 'AM107-43'),
(776, '2024-06-12 09:02:10', '22.80', 'AM107-43'),
(777, '2024-06-12 09:02:10', '22.80', 'AM107-43'),
(778, '2024-06-12 09:02:13', '24.10', 'AM107-39'),
(779, '2024-06-12 09:02:13', '24.10', 'AM107-39'),
(780, '2024-06-12 09:02:13', '24.10', 'AM107-39'),
(781, '2024-06-12 09:02:55', '23.30', 'AM107-29'),
(782, '2024-06-12 09:02:55', '23.30', 'AM107-29'),
(783, '2024-06-12 09:02:55', '23.30', 'AM107-29'),
(784, '2024-06-12 09:02:57', '22.00', 'AM107-54'),
(785, '2024-06-12 09:02:57', '22.00', 'AM107-54'),
(786, '2024-06-12 09:02:57', '22.00', 'AM107-54'),
(787, '2024-06-12 09:03:00', '23.50', 'AM107-18'),
(788, '2024-06-12 09:03:00', '23.50', 'AM107-18'),
(789, '2024-06-12 09:03:00', '23.50', 'AM107-18'),
(790, '2024-06-12 09:04:39', '22.70', 'AM107-30'),
(791, '2024-06-12 09:04:39', '22.70', 'AM107-30'),
(792, '2024-06-12 09:04:39', '22.70', 'AM107-30'),
(793, '2024-06-12 09:04:52', '22.50', 'AM107-28'),
(794, '2024-06-12 09:04:52', '22.50', 'AM107-28'),
(795, '2024-06-12 09:04:52', '22.50', 'AM107-28'),
(796, '2024-06-12 09:04:56', '20.60', 'AM107-51'),
(797, '2024-06-12 09:04:56', '20.60', 'AM107-51'),
(798, '2024-06-12 09:04:56', '20.60', 'AM107-51'),
(799, '2024-06-12 09:04:57', '22.40', 'AM107-17'),
(800, '2024-06-12 09:04:57', '22.40', 'AM107-17'),
(801, '2024-06-12 09:04:57', '22.40', 'AM107-17'),
(802, '2024-06-12 09:05:26', '22.70', 'AM107-20'),
(803, '2024-06-12 09:05:26', '22.70', 'AM107-20'),
(804, '2024-06-12 09:05:27', '22.70', 'AM107-20'),
(805, '2024-06-12 09:05:30', '23.00', 'AM107-38'),
(806, '2024-06-12 09:05:30', '23.00', 'AM107-38'),
(807, '2024-06-12 09:05:30', '23.00', 'AM107-38'),
(808, '2024-06-12 09:05:56', '24.10', 'AM107-41'),
(809, '2024-06-12 09:05:56', '24.10', 'AM107-41'),
(810, '2024-06-12 09:05:56', '24.10', 'AM107-41'),
(811, '2024-06-12 09:05:56', '24.30', 'AM107-31'),
(812, '2024-06-12 09:05:56', '24.30', 'AM107-31'),
(813, '2024-06-12 09:05:56', '24.30', 'AM107-31'),
(814, '2024-06-12 09:06:29', '22.10', 'AM107-52'),
(815, '2024-06-12 09:06:29', '22.10', 'AM107-52'),
(816, '2024-06-12 09:06:29', '22.10', 'AM107-52'),
(817, '2024-06-12 09:06:37', '21.90', 'AM107-24'),
(818, '2024-06-12 09:06:37', '21.90', 'AM107-24'),
(819, '2024-06-12 09:06:37', '21.90', 'AM107-24'),
(820, '2024-06-12 09:06:37', '21.50', 'AM107-50'),
(821, '2024-06-12 09:06:37', '21.50', 'AM107-50'),
(822, '2024-06-12 09:06:38', '21.50', 'AM107-50'),
(823, '2024-06-12 09:06:43', '23.60', 'AM107-6'),
(824, '2024-06-12 09:06:43', '23.60', 'AM107-6'),
(825, '2024-06-12 09:06:43', '23.60', 'AM107-6'),
(826, '2024-06-12 09:06:57', '23.90', 'AM107-33'),
(827, '2024-06-12 09:06:57', '23.90', 'AM107-33'),
(828, '2024-06-12 09:06:57', '23.90', 'AM107-33'),
(829, '2024-06-12 09:06:58', '24.60', 'AM107-32'),
(830, '2024-06-12 09:06:58', '24.60', 'AM107-32'),
(831, '2024-06-12 09:06:58', '24.60', 'AM107-32'),
(832, '2024-06-12 09:07:00', '23.50', 'AM107-42'),
(833, '2024-06-12 09:07:00', '23.50', 'AM107-42'),
(834, '2024-06-12 09:07:00', '23.50', 'AM107-42'),
(835, '2024-06-12 09:07:01', '22.10', 'AM107-48'),
(836, '2024-06-12 09:07:01', '22.10', 'AM107-48'),
(837, '2024-06-12 09:07:01', '22.10', 'AM107-48'),
(838, '2024-06-12 09:07:07', '21.50', 'AM107-49'),
(839, '2024-06-12 09:07:07', '21.50', 'AM107-49'),
(840, '2024-06-12 09:07:07', '21.50', 'AM107-49'),
(841, '2024-06-12 09:07:36', '22.90', 'AM107-53'),
(842, '2024-06-12 09:07:36', '22.90', 'AM107-53'),
(843, '2024-06-12 09:07:36', '22.90', 'AM107-53'),
(844, '2024-06-12 09:08:12', '22.70', 'AM107-12'),
(845, '2024-06-12 09:08:12', '22.70', 'AM107-12'),
(846, '2024-06-12 09:08:12', '22.70', 'AM107-12'),
(847, '2024-06-12 09:08:29', '22.90', 'AM107-46'),
(848, '2024-06-12 09:08:29', '22.90', 'AM107-46'),
(849, '2024-06-12 09:08:29', '22.90', 'AM107-46'),
(850, '2024-06-12 09:08:30', '24.10', 'AM107-36'),
(851, '2024-06-12 09:08:30', '24.10', 'AM107-36'),
(852, '2024-06-12 09:08:30', '24.10', 'AM107-36'),
(853, '2024-06-12 09:08:41', '24.10', 'AM107-4'),
(854, '2024-06-12 09:08:41', '24.10', 'AM107-4'),
(855, '2024-06-12 09:08:41', '24.10', 'AM107-4'),
(856, '2024-06-12 09:08:56', '25.90', 'AM107-55'),
(857, '2024-06-12 09:08:56', '25.90', 'AM107-55'),
(858, '2024-06-12 09:08:56', '25.90', 'AM107-55'),
(859, '2024-06-12 09:08:58', '21.40', 'AM107-23'),
(860, '2024-06-12 09:08:58', '21.40', 'AM107-23'),
(861, '2024-06-12 09:08:58', '21.40', 'AM107-23'),
(862, '2024-06-12 09:08:58', '22.40', 'AM107-27'),
(863, '2024-06-12 09:08:58', '22.40', 'AM107-27'),
(864, '2024-06-12 09:08:58', '22.40', 'AM107-27'),
(865, '2024-06-12 09:09:00', '22.00', 'AM107-14'),
(866, '2024-06-12 09:09:00', '22.00', 'AM107-14'),
(867, '2024-06-12 09:09:00', '22.00', 'AM107-14'),
(871, '2024-06-12 09:10:10', '22.30', 'AM107-3'),
(872, '2024-06-12 09:10:10', '22.30', 'AM107-3'),
(873, '2024-06-12 09:10:10', '22.30', 'AM107-3'),
(874, '2024-06-12 09:10:25', '21.60', 'AM107-7'),
(875, '2024-06-12 09:10:25', '21.60', 'AM107-7'),
(876, '2024-06-12 09:10:25', '21.60', 'AM107-7'),
(877, '2024-06-12 09:10:28', '24.00', 'AM107-35'),
(878, '2024-06-12 09:10:28', '24.00', 'AM107-35'),
(879, '2024-06-12 09:10:28', '24.00', 'AM107-35'),
(880, '2024-06-12 09:10:29', '21.80', 'AM107-47'),
(881, '2024-06-12 09:10:29', '21.80', 'AM107-47'),
(882, '2024-06-12 09:10:29', '21.80', 'AM107-47'),
(883, '2024-06-12 09:10:41', '21.50', 'AM107-8'),
(884, '2024-06-12 09:10:41', '21.50', 'AM107-8'),
(885, '2024-06-12 09:10:41', '21.50', 'AM107-8'),
(886, '2024-06-12 09:10:44', '22.80', 'AM107-16'),
(887, '2024-06-12 09:10:44', '22.80', 'AM107-16'),
(888, '2024-06-12 09:10:44', '22.80', 'AM107-16'),
(889, '2024-06-12 09:11:05', '24.50', 'AM107-34'),
(890, '2024-06-12 09:11:05', '24.50', 'AM107-34'),
(891, '2024-06-12 09:11:05', '24.50', 'AM107-34'),
(892, '2024-06-12 09:11:27', '22.20', 'AM107-13'),
(893, '2024-06-12 09:11:27', '22.20', 'AM107-13'),
(894, '2024-06-12 09:11:27', '22.20', 'AM107-13'),
(895, '2024-06-12 09:11:27', '25.50', 'AM107-22'),
(896, '2024-06-12 09:11:27', '25.50', 'AM107-22'),
(897, '2024-06-12 09:11:27', '25.50', 'AM107-22'),
(898, '2024-06-12 09:12:08', '22.80', 'AM107-26'),
(899, '2024-06-12 09:12:08', '22.80', 'AM107-26'),
(900, '2024-06-12 09:12:08', '22.80', 'AM107-26'),
(901, '2024-06-12 09:12:10', '22.80', 'AM107-43'),
(902, '2024-06-12 09:12:10', '22.80', 'AM107-43'),
(903, '2024-06-12 09:12:10', '22.80', 'AM107-43'),
(904, '2024-06-12 09:12:14', '24.10', 'AM107-39'),
(905, '2024-06-12 09:12:14', '24.10', 'AM107-39'),
(906, '2024-06-12 09:12:14', '24.10', 'AM107-39'),
(907, '2024-06-12 09:12:55', '23.30', 'AM107-29'),
(908, '2024-06-12 09:12:55', '23.30', 'AM107-29'),
(909, '2024-06-12 09:12:55', '23.30', 'AM107-29'),
(910, '2024-06-12 09:12:57', '22.00', 'AM107-54'),
(911, '2024-06-12 09:12:57', '22.00', 'AM107-54'),
(912, '2024-06-12 09:12:57', '22.00', 'AM107-54'),
(913, '2024-06-12 09:13:00', '23.60', 'AM107-18'),
(914, '2024-06-12 09:13:00', '23.60', 'AM107-18'),
(915, '2024-06-12 09:13:00', '23.60', 'AM107-18'),
(916, '2024-06-12 09:14:40', '22.80', 'AM107-30'),
(917, '2024-06-12 09:14:40', '22.80', 'AM107-30'),
(918, '2024-06-12 09:14:40', '22.80', 'AM107-30'),
(919, '2024-06-12 09:14:52', '22.50', 'AM107-28'),
(920, '2024-06-12 09:14:52', '22.50', 'AM107-28'),
(921, '2024-06-12 09:14:52', '22.50', 'AM107-28'),
(922, '2024-06-12 09:14:56', '20.60', 'AM107-51'),
(923, '2024-06-12 09:14:56', '20.60', 'AM107-51'),
(924, '2024-06-12 09:14:56', '20.60', 'AM107-51'),
(925, '2024-06-12 09:14:56', '22.30', 'AM107-17'),
(926, '2024-06-12 09:14:56', '22.30', 'AM107-17'),
(927, '2024-06-12 09:14:56', '22.30', 'AM107-17'),
(928, '2024-06-12 09:15:27', '22.70', 'AM107-20'),
(929, '2024-06-12 09:15:27', '22.70', 'AM107-20'),
(930, '2024-06-12 09:15:27', '22.70', 'AM107-20'),
(931, '2024-06-12 09:15:30', '23.10', 'AM107-38'),
(932, '2024-06-12 09:15:30', '23.10', 'AM107-38'),
(933, '2024-06-12 09:15:30', '23.10', 'AM107-38'),
(934, '2024-06-12 09:15:56', '24.20', 'AM107-41'),
(935, '2024-06-12 09:15:56', '24.20', 'AM107-41'),
(936, '2024-06-12 09:15:56', '24.20', 'AM107-41'),
(937, '2024-06-12 09:15:57', '24.30', 'AM107-31'),
(938, '2024-06-12 09:15:57', '24.30', 'AM107-31'),
(939, '2024-06-12 09:15:57', '24.30', 'AM107-31'),
(940, '2024-06-12 09:16:30', '21.70', 'AM107-52'),
(941, '2024-06-12 09:16:30', '21.70', 'AM107-52'),
(942, '2024-06-12 09:16:30', '21.70', 'AM107-52'),
(943, '2024-06-12 09:16:37', '21.90', 'AM107-24'),
(944, '2024-06-12 09:16:37', '21.90', 'AM107-24'),
(945, '2024-06-12 09:16:37', '21.90', 'AM107-24'),
(946, '2024-06-12 09:16:38', '21.50', 'AM107-50'),
(947, '2024-06-12 09:16:38', '21.50', 'AM107-50'),
(948, '2024-06-12 09:16:38', '21.50', 'AM107-50'),
(949, '2024-06-12 09:16:43', '23.60', 'AM107-6'),
(950, '2024-06-12 09:16:43', '23.60', 'AM107-6'),
(951, '2024-06-12 09:16:43', '23.60', 'AM107-6'),
(952, '2024-06-12 09:16:56', '23.90', 'AM107-33'),
(953, '2024-06-12 09:16:56', '23.90', 'AM107-33'),
(954, '2024-06-12 09:16:56', '23.90', 'AM107-33'),
(955, '2024-06-12 09:16:58', '24.60', 'AM107-32'),
(956, '2024-06-12 09:16:58', '24.60', 'AM107-32'),
(957, '2024-06-12 09:16:58', '24.60', 'AM107-32'),
(958, '2024-06-12 09:17:00', '23.40', 'AM107-42'),
(959, '2024-06-12 09:17:00', '23.40', 'AM107-42'),
(960, '2024-06-12 09:17:00', '23.40', 'AM107-42'),
(961, '2024-06-12 09:17:00', '22.10', 'AM107-48'),
(962, '2024-06-12 09:17:00', '22.10', 'AM107-48'),
(963, '2024-06-12 09:17:00', '22.10', 'AM107-48'),
(964, '2024-06-12 09:17:08', '21.40', 'AM107-49'),
(965, '2024-06-12 09:17:08', '21.40', 'AM107-49'),
(966, '2024-06-12 09:17:08', '21.40', 'AM107-49'),
(967, '2024-06-12 09:17:35', '22.90', 'AM107-53'),
(968, '2024-06-12 09:17:35', '22.90', 'AM107-53'),
(969, '2024-06-12 09:17:35', '22.90', 'AM107-53'),
(970, '2024-06-12 09:18:12', '22.70', 'AM107-12'),
(971, '2024-06-12 09:18:12', '22.70', 'AM107-12'),
(972, '2024-06-12 09:18:12', '22.70', 'AM107-12'),
(973, '2024-06-12 09:18:29', '22.90', 'AM107-46'),
(974, '2024-06-12 09:18:29', '22.90', 'AM107-46'),
(975, '2024-06-12 09:18:29', '22.90', 'AM107-46'),
(976, '2024-06-12 09:18:30', '24.00', 'AM107-36'),
(977, '2024-06-12 09:18:30', '24.00', 'AM107-36'),
(978, '2024-06-12 09:18:30', '24.00', 'AM107-36'),
(979, '2024-06-12 09:18:42', '24.20', 'AM107-4'),
(980, '2024-06-12 09:18:42', '24.20', 'AM107-4'),
(981, '2024-06-12 09:18:42', '24.20', 'AM107-4'),
(982, '2024-06-12 09:18:56', '25.90', 'AM107-55'),
(983, '2024-06-12 09:18:56', '25.90', 'AM107-55'),
(984, '2024-06-12 09:18:56', '25.90', 'AM107-55'),
(985, '2024-06-12 09:18:58', '21.40', 'AM107-23'),
(986, '2024-06-12 09:18:58', '21.40', 'AM107-23'),
(987, '2024-06-12 09:18:58', '21.40', 'AM107-23'),
(988, '2024-06-12 09:18:58', '22.40', 'AM107-27'),
(989, '2024-06-12 09:18:58', '22.40', 'AM107-27'),
(990, '2024-06-12 09:18:58', '22.40', 'AM107-27'),
(991, '2024-06-12 09:19:00', '21.90', 'AM107-14'),
(992, '2024-06-12 09:19:00', '21.90', 'AM107-14'),
(993, '2024-06-12 09:19:00', '21.90', 'AM107-14'),
(997, '2024-06-12 09:20:09', '22.30', 'AM107-3'),
(998, '2024-06-12 09:20:10', '22.30', 'AM107-3'),
(999, '2024-06-12 09:20:10', '22.30', 'AM107-3'),
(1000, '2024-06-12 09:20:26', '21.60', 'AM107-7'),
(1001, '2024-06-12 09:20:26', '21.60', 'AM107-7'),
(1002, '2024-06-12 09:20:26', '21.60', 'AM107-7'),
(1003, '2024-06-12 09:20:28', '21.80', 'AM107-47'),
(1004, '2024-06-12 09:20:28', '21.80', 'AM107-47'),
(1005, '2024-06-12 09:20:28', '21.80', 'AM107-47'),
(1006, '2024-06-12 09:20:31', '21.80', 'AM107-47'),
(1007, '2024-06-12 09:20:31', '21.80', 'AM107-47'),
(1008, '2024-06-12 09:20:31', '21.80', 'AM107-47'),
(1009, '2024-06-12 09:20:41', '21.50', 'AM107-8'),
(1010, '2024-06-12 09:20:41', '21.50', 'AM107-8'),
(1011, '2024-06-12 09:20:41', '21.50', 'AM107-8'),
(1012, '2024-06-12 09:20:43', '22.80', 'AM107-16'),
(1013, '2024-06-12 09:20:43', '22.80', 'AM107-16'),
(1014, '2024-06-12 09:20:43', '22.80', 'AM107-16'),
(1015, '2024-06-12 09:21:06', '24.30', 'AM107-34'),
(1016, '2024-06-12 09:21:06', '24.30', 'AM107-34'),
(1017, '2024-06-12 09:21:06', '24.30', 'AM107-34'),
(1018, '2024-06-12 09:21:28', '22.20', 'AM107-13'),
(1019, '2024-06-12 09:21:28', '22.20', 'AM107-13'),
(1020, '2024-06-12 09:21:28', '22.20', 'AM107-13'),
(1021, '2024-06-12 09:21:28', '25.50', 'AM107-22'),
(1022, '2024-06-12 09:21:28', '25.50', 'AM107-22'),
(1023, '2024-06-12 09:21:28', '25.50', 'AM107-22'),
(1024, '2024-06-12 09:22:08', '22.80', 'AM107-26'),
(1025, '2024-06-12 09:22:08', '22.80', 'AM107-26'),
(1026, '2024-06-12 09:22:08', '22.80', 'AM107-26'),
(1027, '2024-06-12 09:22:09', '22.80', 'AM107-43'),
(1028, '2024-06-12 09:22:09', '22.80', 'AM107-43'),
(1029, '2024-06-12 09:22:09', '22.80', 'AM107-43'),
(1030, '2024-06-12 09:22:14', '24.10', 'AM107-39'),
(1031, '2024-06-12 09:22:14', '24.10', 'AM107-39'),
(1032, '2024-06-12 09:22:14', '24.10', 'AM107-39'),
(1033, '2024-06-12 09:22:54', '23.20', 'AM107-29'),
(1034, '2024-06-12 09:22:54', '23.20', 'AM107-29'),
(1035, '2024-06-12 09:22:54', '23.20', 'AM107-29'),
(1036, '2024-06-12 09:22:57', '22.00', 'AM107-54'),
(1037, '2024-06-12 09:22:57', '22.00', 'AM107-54'),
(1038, '2024-06-12 09:22:57', '22.00', 'AM107-54'),
(1039, '2024-06-12 09:22:59', '23.60', 'AM107-18'),
(1040, '2024-06-12 09:22:59', '23.60', 'AM107-18'),
(1041, '2024-06-12 09:23:00', '23.60', 'AM107-18'),
(1042, '2024-06-12 09:24:39', '22.90', 'AM107-30'),
(1043, '2024-06-12 09:24:39', '22.90', 'AM107-30'),
(1044, '2024-06-12 09:24:39', '22.90', 'AM107-30'),
(1045, '2024-06-12 09:24:52', '22.50', 'AM107-28'),
(1046, '2024-06-12 09:24:52', '22.50', 'AM107-28'),
(1047, '2024-06-12 09:24:52', '22.50', 'AM107-28'),
(1048, '2024-06-12 09:24:57', '20.60', 'AM107-51'),
(1049, '2024-06-12 09:24:57', '20.60', 'AM107-51'),
(1050, '2024-06-12 09:24:57', '20.60', 'AM107-51'),
(1051, '2024-06-12 09:24:57', '22.30', 'AM107-17'),
(1052, '2024-06-12 09:24:57', '22.30', 'AM107-17');
INSERT INTO `Mesure` (`id_mesure`, `date_mesure`, `valeur`, `capteur`) VALUES
(1053, '2024-06-12 09:24:57', '22.30', 'AM107-17'),
(1054, '2024-06-12 09:25:26', '22.70', 'AM107-20'),
(1055, '2024-06-12 09:25:26', '22.70', 'AM107-20'),
(1056, '2024-06-12 09:25:26', '22.70', 'AM107-20'),
(1057, '2024-06-12 09:25:30', '23.20', 'AM107-38'),
(1058, '2024-06-12 09:25:30', '23.20', 'AM107-38'),
(1059, '2024-06-12 09:25:30', '23.20', 'AM107-38'),
(1060, '2024-06-12 09:25:56', '24.30', 'AM107-41'),
(1061, '2024-06-12 09:25:56', '24.30', 'AM107-41'),
(1062, '2024-06-12 09:25:56', '24.30', 'AM107-41'),
(1063, '2024-06-12 09:25:59', '24.30', 'AM107-31'),
(1064, '2024-06-12 09:25:59', '24.30', 'AM107-31'),
(1065, '2024-06-12 09:25:59', '24.30', 'AM107-31'),
(1066, '2024-06-12 09:26:29', '22.20', 'AM107-52'),
(1067, '2024-06-12 09:26:29', '22.20', 'AM107-52'),
(1068, '2024-06-12 09:26:29', '22.20', 'AM107-52'),
(1069, '2024-06-12 09:26:37', '21.90', 'AM107-24'),
(1070, '2024-06-12 09:26:37', '21.90', 'AM107-24'),
(1071, '2024-06-12 09:26:37', '21.90', 'AM107-24'),
(1072, '2024-06-12 09:26:38', '21.50', 'AM107-50'),
(1073, '2024-06-12 09:26:38', '21.50', 'AM107-50'),
(1074, '2024-06-12 09:26:38', '21.50', 'AM107-50'),
(1075, '2024-06-12 09:26:42', '23.60', 'AM107-6'),
(1076, '2024-06-12 09:26:42', '23.60', 'AM107-6'),
(1077, '2024-06-12 09:26:42', '23.60', 'AM107-6'),
(1078, '2024-06-12 09:26:56', '23.90', 'AM107-33'),
(1079, '2024-06-12 09:26:56', '23.90', 'AM107-33'),
(1080, '2024-06-12 09:26:56', '23.90', 'AM107-33'),
(1081, '2024-06-12 09:26:58', '24.60', 'AM107-32'),
(1082, '2024-06-12 09:26:58', '24.60', 'AM107-32'),
(1083, '2024-06-12 09:26:58', '24.60', 'AM107-32'),
(1084, '2024-06-12 09:26:59', '23.40', 'AM107-42'),
(1085, '2024-06-12 09:26:59', '23.40', 'AM107-42'),
(1086, '2024-06-12 09:26:59', '23.40', 'AM107-42'),
(1087, '2024-06-12 09:27:01', '22.20', 'AM107-48'),
(1088, '2024-06-12 09:27:01', '22.20', 'AM107-48'),
(1089, '2024-06-12 09:27:01', '22.20', 'AM107-48'),
(1090, '2024-06-12 09:27:08', '21.40', 'AM107-49'),
(1091, '2024-06-12 09:27:08', '21.40', 'AM107-49'),
(1092, '2024-06-12 09:27:08', '21.40', 'AM107-49'),
(1093, '2024-06-12 09:27:35', '22.90', 'AM107-53'),
(1094, '2024-06-12 09:27:35', '22.90', 'AM107-53'),
(1095, '2024-06-12 09:27:35', '22.90', 'AM107-53'),
(1096, '2024-06-12 09:28:13', '22.70', 'AM107-12'),
(1097, '2024-06-12 09:28:13', '22.70', 'AM107-12'),
(1098, '2024-06-12 09:28:13', '22.70', 'AM107-12'),
(1099, '2024-06-12 09:28:28', '22.90', 'AM107-46'),
(1100, '2024-06-12 09:28:28', '22.90', 'AM107-46'),
(1101, '2024-06-12 09:28:28', '22.90', 'AM107-46'),
(1102, '2024-06-12 09:28:29', '24.00', 'AM107-36'),
(1103, '2024-06-12 09:28:29', '24.00', 'AM107-36'),
(1104, '2024-06-12 09:28:29', '24.00', 'AM107-36'),
(1105, '2024-06-12 09:28:42', '24.30', 'AM107-4'),
(1106, '2024-06-12 09:28:42', '24.30', 'AM107-4'),
(1107, '2024-06-12 09:28:42', '24.30', 'AM107-4'),
(1108, '2024-06-12 09:28:57', '25.90', 'AM107-55'),
(1109, '2024-06-12 09:28:57', '25.90', 'AM107-55'),
(1110, '2024-06-12 09:28:57', '25.90', 'AM107-55'),
(1111, '2024-06-12 09:28:57', '21.40', 'AM107-23'),
(1112, '2024-06-12 09:28:57', '21.40', 'AM107-23'),
(1113, '2024-06-12 09:28:57', '21.40', 'AM107-23'),
(1114, '2024-06-12 09:28:59', '22.40', 'AM107-27'),
(1115, '2024-06-12 09:28:59', '22.40', 'AM107-27'),
(1116, '2024-06-12 09:28:59', '22.40', 'AM107-27'),
(1117, '2024-06-12 09:28:59', '21.80', 'AM107-14'),
(1118, '2024-06-12 09:28:59', '21.80', 'AM107-14'),
(1119, '2024-06-12 09:28:59', '21.80', 'AM107-14'),
(1123, '2024-06-12 09:30:10', '22.30', 'AM107-3'),
(1124, '2024-06-12 09:30:10', '22.30', 'AM107-3'),
(1125, '2024-06-12 09:30:10', '22.30', 'AM107-3'),
(1126, '2024-06-12 09:30:25', '21.60', 'AM107-7'),
(1127, '2024-06-12 09:30:25', '21.60', 'AM107-7'),
(1128, '2024-06-12 09:30:25', '21.60', 'AM107-7'),
(1129, '2024-06-12 09:30:27', '23.90', 'AM107-35'),
(1130, '2024-06-12 09:30:27', '23.90', 'AM107-35'),
(1131, '2024-06-12 09:30:27', '23.90', 'AM107-35'),
(1132, '2024-06-12 09:30:28', '22.00', 'AM107-47'),
(1133, '2024-06-12 09:30:28', '22.00', 'AM107-47'),
(1134, '2024-06-12 09:30:28', '22.00', 'AM107-47'),
(1135, '2024-06-12 09:30:30', '22.00', 'AM107-47'),
(1136, '2024-06-12 09:30:30', '22.00', 'AM107-47'),
(1137, '2024-06-12 09:30:30', '22.00', 'AM107-47'),
(1138, '2024-06-12 09:30:41', '21.50', 'AM107-8'),
(1139, '2024-06-12 09:30:41', '21.50', 'AM107-8'),
(1140, '2024-06-12 09:30:41', '21.50', 'AM107-8'),
(1141, '2024-06-12 09:30:43', '22.90', 'AM107-16'),
(1142, '2024-06-12 09:30:43', '22.90', 'AM107-16'),
(1143, '2024-06-12 09:30:43', '22.90', 'AM107-16'),
(1144, '2024-06-12 09:31:05', '24.30', 'AM107-34'),
(1145, '2024-06-12 09:31:06', '24.30', 'AM107-34'),
(1146, '2024-06-12 09:31:06', '24.30', 'AM107-34'),
(1147, '2024-06-12 09:31:27', '22.20', 'AM107-13'),
(1148, '2024-06-12 09:31:27', '22.20', 'AM107-13'),
(1149, '2024-06-12 09:31:27', '22.20', 'AM107-13'),
(1150, '2024-06-12 09:31:28', '25.50', 'AM107-22'),
(1151, '2024-06-12 09:31:28', '25.50', 'AM107-22'),
(1152, '2024-06-12 09:31:28', '25.50', 'AM107-22'),
(1153, '2024-06-12 09:32:07', '22.80', 'AM107-26'),
(1154, '2024-06-12 09:32:07', '22.80', 'AM107-26'),
(1155, '2024-06-12 09:32:07', '22.80', 'AM107-26'),
(1156, '2024-06-12 09:32:10', '22.80', 'AM107-43'),
(1157, '2024-06-12 09:32:10', '22.80', 'AM107-43'),
(1158, '2024-06-12 09:32:10', '22.80', 'AM107-43'),
(1159, '2024-06-12 09:32:13', '24.10', 'AM107-39'),
(1160, '2024-06-12 09:32:13', '24.10', 'AM107-39'),
(1161, '2024-06-12 09:32:13', '24.10', 'AM107-39'),
(1162, '2024-06-12 09:32:54', '23.20', 'AM107-29'),
(1163, '2024-06-12 09:32:54', '23.20', 'AM107-29'),
(1164, '2024-06-12 09:32:54', '23.20', 'AM107-29'),
(1165, '2024-06-12 09:32:57', '22.00', 'AM107-54'),
(1166, '2024-06-12 09:32:57', '22.00', 'AM107-54'),
(1167, '2024-06-12 09:32:57', '22.00', 'AM107-54'),
(1168, '2024-06-12 09:32:59', '23.70', 'AM107-18'),
(1169, '2024-06-12 09:32:59', '23.70', 'AM107-18'),
(1170, '2024-06-12 09:32:59', '23.70', 'AM107-18'),
(1171, '2024-06-12 09:34:39', '22.80', 'AM107-30'),
(1172, '2024-06-12 09:34:39', '22.80', 'AM107-30'),
(1173, '2024-06-12 09:34:39', '22.80', 'AM107-30'),
(1174, '2024-06-12 09:34:52', '22.50', 'AM107-28'),
(1175, '2024-06-12 09:34:52', '22.50', 'AM107-28'),
(1176, '2024-06-12 09:34:52', '22.50', 'AM107-28'),
(1177, '2024-06-12 09:34:56', '20.60', 'AM107-51'),
(1178, '2024-06-12 09:34:56', '20.60', 'AM107-51'),
(1179, '2024-06-12 09:34:56', '20.60', 'AM107-51'),
(1180, '2024-06-12 09:34:57', '22.30', 'AM107-17'),
(1181, '2024-06-12 09:34:57', '22.30', 'AM107-17'),
(1182, '2024-06-12 09:34:57', '22.30', 'AM107-17'),
(1183, '2024-06-12 09:35:26', '22.70', 'AM107-20'),
(1184, '2024-06-12 09:35:26', '22.70', 'AM107-20'),
(1185, '2024-06-12 09:35:26', '22.70', 'AM107-20'),
(1186, '2024-06-12 09:35:30', '23.20', 'AM107-38'),
(1187, '2024-06-12 09:35:30', '23.20', 'AM107-38'),
(1188, '2024-06-12 09:35:30', '23.20', 'AM107-38'),
(1189, '2024-06-12 09:35:56', '24.40', 'AM107-41'),
(1190, '2024-06-12 09:35:56', '24.40', 'AM107-41'),
(1191, '2024-06-12 09:35:56', '24.40', 'AM107-41'),
(1192, '2024-06-12 09:35:58', '24.30', 'AM107-31'),
(1193, '2024-06-12 09:35:58', '24.30', 'AM107-31'),
(1194, '2024-06-12 09:35:58', '24.30', 'AM107-31'),
(1195, '2024-06-12 09:36:30', '22.60', 'AM107-52'),
(1196, '2024-06-12 09:36:30', '22.60', 'AM107-52'),
(1197, '2024-06-12 09:36:30', '22.60', 'AM107-52'),
(1198, '2024-06-12 09:36:37', '21.90', 'AM107-24'),
(1199, '2024-06-12 09:36:37', '21.90', 'AM107-24'),
(1200, '2024-06-12 09:36:37', '21.90', 'AM107-24'),
(1201, '2024-06-12 09:36:37', '21.40', 'AM107-50'),
(1202, '2024-06-12 09:36:37', '21.40', 'AM107-50'),
(1203, '2024-06-12 09:36:37', '21.40', 'AM107-50'),
(1204, '2024-06-12 09:36:42', '23.60', 'AM107-6'),
(1205, '2024-06-12 09:36:42', '23.60', 'AM107-6'),
(1206, '2024-06-12 09:36:42', '23.60', 'AM107-6'),
(1207, '2024-06-12 09:36:55', '24.00', 'AM107-33'),
(1208, '2024-06-12 09:36:55', '24.00', 'AM107-33'),
(1209, '2024-06-12 09:36:56', '24.00', 'AM107-33'),
(1210, '2024-06-12 09:37:00', '23.40', 'AM107-42'),
(1211, '2024-06-12 09:37:00', '23.40', 'AM107-42'),
(1212, '2024-06-12 09:37:00', '23.40', 'AM107-42'),
(1213, '2024-06-12 09:37:01', '22.30', 'AM107-48'),
(1214, '2024-06-12 09:37:01', '22.30', 'AM107-48'),
(1215, '2024-06-12 09:37:01', '22.30', 'AM107-48'),
(1216, '2024-06-12 09:37:07', '21.30', 'AM107-49'),
(1217, '2024-06-12 09:37:07', '21.30', 'AM107-49'),
(1218, '2024-06-12 09:37:07', '21.30', 'AM107-49'),
(1219, '2024-06-12 09:37:36', '22.90', 'AM107-53'),
(1220, '2024-06-12 09:37:36', '22.90', 'AM107-53'),
(1221, '2024-06-12 09:37:36', '22.90', 'AM107-53'),
(1222, '2024-06-12 09:38:12', '22.70', 'AM107-12'),
(1223, '2024-06-12 09:38:12', '22.70', 'AM107-12'),
(1224, '2024-06-12 09:38:12', '22.70', 'AM107-12'),
(1225, '2024-06-12 09:38:29', '22.90', 'AM107-46'),
(1226, '2024-06-12 09:38:29', '22.90', 'AM107-46'),
(1227, '2024-06-12 09:38:29', '22.90', 'AM107-46'),
(1228, '2024-06-12 09:38:30', '24.10', 'AM107-36'),
(1229, '2024-06-12 09:38:30', '24.10', 'AM107-36'),
(1230, '2024-06-12 09:38:30', '24.10', 'AM107-36'),
(1231, '2024-06-12 09:38:41', '24.40', 'AM107-4'),
(1232, '2024-06-12 09:38:41', '24.40', 'AM107-4'),
(1233, '2024-06-12 09:38:41', '24.40', 'AM107-4'),
(1234, '2024-06-12 09:38:57', '25.80', 'AM107-55'),
(1235, '2024-06-12 09:38:57', '25.80', 'AM107-55'),
(1236, '2024-06-12 09:38:57', '25.80', 'AM107-55'),
(1237, '2024-06-12 09:38:58', '21.40', 'AM107-23'),
(1238, '2024-06-12 09:38:58', '21.40', 'AM107-23'),
(1239, '2024-06-12 09:38:58', '21.40', 'AM107-23'),
(1240, '2024-06-12 09:38:58', '22.40', 'AM107-27'),
(1241, '2024-06-12 09:38:58', '22.40', 'AM107-27'),
(1242, '2024-06-12 09:38:59', '22.40', 'AM107-27'),
(1243, '2024-06-12 09:38:59', '21.70', 'AM107-14'),
(1244, '2024-06-12 09:38:59', '21.70', 'AM107-14'),
(1245, '2024-06-12 09:38:59', '21.70', 'AM107-14'),
(1249, '2024-06-12 09:40:09', '22.20', 'AM107-3'),
(1250, '2024-06-12 09:40:09', '22.20', 'AM107-3'),
(1251, '2024-06-12 09:40:09', '22.20', 'AM107-3'),
(1252, '2024-06-12 09:40:25', '21.60', 'AM107-7'),
(1253, '2024-06-12 09:40:25', '21.60', 'AM107-7'),
(1254, '2024-06-12 09:40:25', '21.60', 'AM107-7'),
(1255, '2024-06-12 09:40:28', '22.00', 'AM107-47'),
(1256, '2024-06-12 09:40:28', '22.00', 'AM107-47'),
(1257, '2024-06-12 09:40:28', '22.00', 'AM107-47'),
(1258, '2024-06-12 09:40:28', '23.90', 'AM107-35'),
(1259, '2024-06-12 09:40:28', '23.90', 'AM107-35'),
(1260, '2024-06-12 09:40:28', '23.90', 'AM107-35'),
(1261, '2024-06-12 09:40:41', '21.50', 'AM107-8'),
(1262, '2024-06-12 09:40:41', '21.50', 'AM107-8'),
(1263, '2024-06-12 09:40:41', '21.50', 'AM107-8'),
(1264, '2024-06-12 09:40:43', '22.90', 'AM107-16'),
(1265, '2024-06-12 09:40:43', '22.90', 'AM107-16'),
(1266, '2024-06-12 09:40:43', '22.90', 'AM107-16'),
(1267, '2024-06-12 09:41:05', '24.30', 'AM107-34'),
(1268, '2024-06-12 09:41:05', '24.30', 'AM107-34'),
(1269, '2024-06-12 09:41:05', '24.30', 'AM107-34'),
(1270, '2024-06-12 09:41:27', '22.40', 'AM107-13'),
(1271, '2024-06-12 09:41:27', '22.40', 'AM107-13'),
(1272, '2024-06-12 09:41:27', '22.40', 'AM107-13'),
(1273, '2024-06-12 09:41:28', '25.50', 'AM107-22'),
(1274, '2024-06-12 09:41:28', '25.50', 'AM107-22'),
(1275, '2024-06-12 09:41:28', '25.50', 'AM107-22'),
(1276, '2024-06-12 09:42:07', '22.80', 'AM107-26'),
(1277, '2024-06-12 09:42:07', '22.80', 'AM107-26'),
(1278, '2024-06-12 09:42:07', '22.80', 'AM107-26'),
(1279, '2024-06-12 09:42:10', '22.80', 'AM107-43'),
(1280, '2024-06-12 09:42:10', '22.80', 'AM107-43'),
(1281, '2024-06-12 09:42:10', '22.80', 'AM107-43'),
(1282, '2024-06-12 09:42:14', '24.10', 'AM107-39'),
(1283, '2024-06-12 09:42:14', '24.10', 'AM107-39'),
(1284, '2024-06-12 09:42:14', '24.10', 'AM107-39'),
(1285, '2024-06-12 09:42:55', '23.30', 'AM107-29'),
(1286, '2024-06-12 09:42:55', '23.30', 'AM107-29'),
(1287, '2024-06-12 09:42:55', '23.30', 'AM107-29'),
(1288, '2024-06-12 09:42:57', '22.00', 'AM107-54'),
(1289, '2024-06-12 09:42:57', '22.00', 'AM107-54'),
(1290, '2024-06-12 09:42:57', '22.00', 'AM107-54'),
(1291, '2024-06-12 09:43:00', '23.80', 'AM107-18'),
(1292, '2024-06-12 09:43:00', '23.80', 'AM107-18'),
(1293, '2024-06-12 09:43:00', '23.80', 'AM107-18'),
(1294, '2024-06-12 09:44:38', '22.70', 'AM107-30'),
(1295, '2024-06-12 09:44:38', '22.70', 'AM107-30'),
(1296, '2024-06-12 09:44:38', '22.70', 'AM107-30'),
(1297, '2024-06-12 09:44:51', '22.50', 'AM107-28'),
(1298, '2024-06-12 09:44:51', '22.50', 'AM107-28'),
(1299, '2024-06-12 09:44:51', '22.50', 'AM107-28'),
(1300, '2024-06-12 09:44:56', '20.70', 'AM107-51'),
(1301, '2024-06-12 09:44:56', '20.70', 'AM107-51'),
(1302, '2024-06-12 09:44:56', '20.70', 'AM107-51'),
(1303, '2024-06-12 09:44:57', '22.30', 'AM107-17'),
(1304, '2024-06-12 09:44:57', '22.30', 'AM107-17'),
(1305, '2024-06-12 09:44:57', '22.30', 'AM107-17'),
(1306, '2024-06-12 09:45:26', '22.70', 'AM107-20'),
(1307, '2024-06-12 09:45:26', '22.70', 'AM107-20'),
(1308, '2024-06-12 09:45:26', '22.70', 'AM107-20'),
(1309, '2024-06-12 09:45:30', '23.10', 'AM107-38'),
(1310, '2024-06-12 09:45:30', '23.10', 'AM107-38'),
(1311, '2024-06-12 09:45:30', '23.10', 'AM107-38'),
(1312, '2024-06-12 09:45:56', '24.50', 'AM107-41'),
(1313, '2024-06-12 09:45:56', '24.50', 'AM107-41'),
(1314, '2024-06-12 09:45:56', '24.50', 'AM107-41'),
(1315, '2024-06-12 09:45:56', '24.40', 'AM107-31'),
(1316, '2024-06-12 09:45:56', '24.40', 'AM107-31'),
(1317, '2024-06-12 09:45:56', '24.40', 'AM107-31'),
(1318, '2024-06-12 09:46:30', '22.80', 'AM107-52'),
(1319, '2024-06-12 09:46:30', '22.80', 'AM107-52'),
(1320, '2024-06-12 09:46:30', '22.80', 'AM107-52'),
(1321, '2024-06-12 09:46:37', '21.90', 'AM107-24'),
(1322, '2024-06-12 09:46:37', '21.90', 'AM107-24'),
(1323, '2024-06-12 09:46:37', '21.90', 'AM107-24'),
(1324, '2024-06-12 09:46:37', '21.30', 'AM107-50'),
(1325, '2024-06-12 09:46:37', '21.30', 'AM107-50'),
(1326, '2024-06-12 09:46:37', '21.30', 'AM107-50'),
(1327, '2024-06-12 09:46:43', '23.60', 'AM107-6'),
(1328, '2024-06-12 09:46:43', '23.60', 'AM107-6'),
(1329, '2024-06-12 09:46:43', '23.60', 'AM107-6'),
(1330, '2024-06-12 09:46:56', '24.00', 'AM107-33'),
(1331, '2024-06-12 09:46:56', '24.00', 'AM107-33'),
(1332, '2024-06-12 09:46:56', '24.00', 'AM107-33'),
(1333, '2024-06-12 09:46:59', '24.70', 'AM107-32'),
(1334, '2024-06-12 09:46:59', '24.70', 'AM107-32'),
(1335, '2024-06-12 09:46:59', '24.70', 'AM107-32'),
(1336, '2024-06-12 09:47:00', '23.40', 'AM107-42'),
(1337, '2024-06-12 09:47:00', '23.40', 'AM107-42'),
(1338, '2024-06-12 09:47:00', '23.40', 'AM107-42'),
(1339, '2024-06-12 09:47:01', '22.30', 'AM107-48'),
(1340, '2024-06-12 09:47:01', '22.30', 'AM107-48'),
(1341, '2024-06-12 09:47:01', '22.30', 'AM107-48'),
(1342, '2024-06-12 09:47:08', '21.30', 'AM107-49'),
(1343, '2024-06-12 09:47:08', '21.30', 'AM107-49'),
(1344, '2024-06-12 09:47:08', '21.30', 'AM107-49'),
(1345, '2024-06-12 09:47:36', '22.90', 'AM107-53'),
(1346, '2024-06-12 09:47:36', '22.90', 'AM107-53'),
(1347, '2024-06-12 09:47:36', '22.90', 'AM107-53'),
(1348, '2024-06-12 09:48:12', '22.70', 'AM107-12'),
(1349, '2024-06-12 09:48:12', '22.70', 'AM107-12'),
(1350, '2024-06-12 09:48:12', '22.70', 'AM107-12'),
(1351, '2024-06-12 09:48:29', '22.90', 'AM107-46'),
(1352, '2024-06-12 09:48:29', '22.90', 'AM107-46'),
(1353, '2024-06-12 09:48:29', '22.90', 'AM107-46'),
(1354, '2024-06-12 09:48:30', '24.10', 'AM107-36'),
(1355, '2024-06-12 09:48:30', '24.10', 'AM107-36'),
(1356, '2024-06-12 09:48:30', '24.10', 'AM107-36'),
(1357, '2024-06-12 09:48:42', '24.20', 'AM107-4'),
(1358, '2024-06-12 09:48:42', '24.20', 'AM107-4'),
(1359, '2024-06-12 09:48:42', '24.20', 'AM107-4'),
(1360, '2024-06-12 09:48:56', '25.80', 'AM107-55'),
(1361, '2024-06-12 09:48:56', '25.80', 'AM107-55'),
(1362, '2024-06-12 09:48:56', '25.80', 'AM107-55'),
(1363, '2024-06-12 09:48:58', '21.40', 'AM107-23'),
(1364, '2024-06-12 09:48:58', '21.40', 'AM107-23'),
(1365, '2024-06-12 09:48:58', '21.40', 'AM107-23'),
(1366, '2024-06-12 09:48:58', '22.50', 'AM107-27'),
(1367, '2024-06-12 09:48:58', '22.50', 'AM107-27'),
(1368, '2024-06-12 09:48:58', '22.50', 'AM107-27'),
(1369, '2024-06-12 09:49:00', '21.70', 'AM107-14'),
(1370, '2024-06-12 09:49:00', '21.70', 'AM107-14'),
(1371, '2024-06-12 09:49:00', '21.70', 'AM107-14'),
(1375, '2024-06-12 09:50:09', '22.20', 'AM107-3'),
(1376, '2024-06-12 09:50:09', '22.20', 'AM107-3'),
(1377, '2024-06-12 09:50:09', '22.20', 'AM107-3'),
(1378, '2024-06-12 09:50:25', '21.50', 'AM107-7'),
(1379, '2024-06-12 09:50:25', '21.50', 'AM107-7'),
(1380, '2024-06-12 09:50:25', '21.50', 'AM107-7'),
(1381, '2024-06-12 09:50:28', '23.90', 'AM107-35'),
(1382, '2024-06-12 09:50:28', '23.90', 'AM107-35'),
(1383, '2024-06-12 09:50:28', '23.90', 'AM107-35'),
(1384, '2024-06-12 09:50:28', '22.00', 'AM107-47'),
(1385, '2024-06-12 09:50:28', '22.00', 'AM107-47'),
(1386, '2024-06-12 09:50:28', '22.00', 'AM107-47'),
(1387, '2024-06-12 09:50:31', '22.00', 'AM107-47'),
(1388, '2024-06-12 09:50:31', '22.00', 'AM107-47'),
(1389, '2024-06-12 09:50:31', '22.00', 'AM107-47'),
(1390, '2024-06-12 09:50:41', '21.60', 'AM107-8'),
(1391, '2024-06-12 09:50:41', '21.60', 'AM107-8'),
(1392, '2024-06-12 09:50:41', '21.60', 'AM107-8'),
(1393, '2024-06-12 09:50:43', '22.90', 'AM107-16'),
(1394, '2024-06-12 09:50:43', '22.90', 'AM107-16'),
(1395, '2024-06-12 09:50:43', '22.90', 'AM107-16'),
(1396, '2024-06-12 09:51:05', '24.30', 'AM107-34'),
(1397, '2024-06-12 09:51:05', '24.30', 'AM107-34'),
(1398, '2024-06-12 09:51:05', '24.30', 'AM107-34'),
(1399, '2024-06-12 09:51:27', '22.50', 'AM107-13'),
(1400, '2024-06-12 09:51:27', '22.50', 'AM107-13'),
(1401, '2024-06-12 09:51:27', '22.50', 'AM107-13'),
(1402, '2024-06-12 09:51:28', '25.50', 'AM107-22'),
(1403, '2024-06-12 09:51:28', '25.50', 'AM107-22'),
(1404, '2024-06-12 09:51:28', '25.50', 'AM107-22'),
(1405, '2024-06-12 09:52:08', '22.80', 'AM107-26'),
(1406, '2024-06-12 09:52:08', '22.80', 'AM107-26'),
(1407, '2024-06-12 09:52:08', '22.80', 'AM107-26'),
(1408, '2024-06-12 09:52:09', '22.80', 'AM107-43'),
(1409, '2024-06-12 09:52:09', '22.80', 'AM107-43'),
(1410, '2024-06-12 09:52:09', '22.80', 'AM107-43'),
(1411, '2024-06-12 09:52:14', '24.20', 'AM107-39'),
(1412, '2024-06-12 09:52:14', '24.20', 'AM107-39'),
(1413, '2024-06-12 09:52:14', '24.20', 'AM107-39'),
(1414, '2024-06-12 09:52:55', '23.50', 'AM107-29'),
(1415, '2024-06-12 09:52:55', '23.50', 'AM107-29'),
(1416, '2024-06-12 09:52:55', '23.50', 'AM107-29'),
(1417, '2024-06-12 09:52:57', '22.00', 'AM107-54'),
(1418, '2024-06-12 09:52:57', '22.00', 'AM107-54'),
(1419, '2024-06-12 09:52:57', '22.00', 'AM107-54'),
(1420, '2024-06-12 09:53:00', '23.80', 'AM107-18'),
(1421, '2024-06-12 09:53:00', '23.80', 'AM107-18'),
(1422, '2024-06-12 09:53:00', '23.80', 'AM107-18'),
(1423, '2024-06-12 09:54:39', '22.80', 'AM107-30'),
(1424, '2024-06-12 09:54:39', '22.80', 'AM107-30'),
(1425, '2024-06-12 09:54:39', '22.80', 'AM107-30'),
(1426, '2024-06-12 09:54:52', '22.50', 'AM107-28'),
(1427, '2024-06-12 09:54:52', '22.50', 'AM107-28'),
(1428, '2024-06-12 09:54:52', '22.50', 'AM107-28'),
(1429, '2024-06-12 09:54:56', '20.70', 'AM107-51'),
(1430, '2024-06-12 09:54:56', '20.70', 'AM107-51'),
(1431, '2024-06-12 09:54:56', '20.70', 'AM107-51'),
(1432, '2024-06-12 09:54:56', '22.20', 'AM107-17'),
(1433, '2024-06-12 09:54:56', '22.20', 'AM107-17'),
(1434, '2024-06-12 09:54:56', '22.20', 'AM107-17'),
(1435, '2024-06-12 09:55:26', '22.70', 'AM107-20'),
(1436, '2024-06-12 09:55:26', '22.70', 'AM107-20'),
(1437, '2024-06-12 09:55:26', '22.70', 'AM107-20'),
(1438, '2024-06-12 09:55:30', '23.10', 'AM107-38'),
(1439, '2024-06-12 09:55:30', '23.10', 'AM107-38'),
(1440, '2024-06-12 09:55:30', '23.10', 'AM107-38'),
(1441, '2024-06-12 09:55:57', '24.60', 'AM107-41'),
(1442, '2024-06-12 09:55:57', '24.60', 'AM107-41'),
(1443, '2024-06-12 09:55:57', '24.60', 'AM107-41'),
(1444, '2024-06-12 09:55:57', '24.50', 'AM107-31'),
(1445, '2024-06-12 09:55:57', '24.50', 'AM107-31'),
(1446, '2024-06-12 09:55:57', '24.50', 'AM107-31'),
(1447, '2024-06-12 09:56:29', '23.00', 'AM107-52'),
(1448, '2024-06-12 09:56:29', '23.00', 'AM107-52'),
(1449, '2024-06-12 09:56:29', '23.00', 'AM107-52'),
(1450, '2024-06-12 09:56:36', '21.90', 'AM107-24'),
(1451, '2024-06-12 09:56:36', '21.90', 'AM107-24'),
(1452, '2024-06-12 09:56:36', '21.90', 'AM107-24'),
(1453, '2024-06-12 09:56:38', '21.20', 'AM107-50'),
(1454, '2024-06-12 09:56:38', '21.20', 'AM107-50'),
(1455, '2024-06-12 09:56:38', '21.20', 'AM107-50'),
(1456, '2024-06-12 09:56:42', '23.60', 'AM107-6'),
(1457, '2024-06-12 09:56:42', '23.60', 'AM107-6'),
(1458, '2024-06-12 09:56:42', '23.60', 'AM107-6'),
(1459, '2024-06-12 09:56:56', '24.00', 'AM107-33'),
(1460, '2024-06-12 09:56:56', '24.00', 'AM107-33'),
(1461, '2024-06-12 09:56:56', '24.00', 'AM107-33'),
(1462, '2024-06-12 09:56:59', '24.50', 'AM107-32'),
(1463, '2024-06-12 09:56:59', '24.50', 'AM107-32'),
(1464, '2024-06-12 09:56:59', '24.50', 'AM107-32'),
(1465, '2024-06-12 09:57:00', '23.40', 'AM107-42'),
(1466, '2024-06-12 09:57:00', '23.40', 'AM107-42'),
(1467, '2024-06-12 09:57:00', '23.40', 'AM107-42'),
(1468, '2024-06-12 09:57:00', '22.30', 'AM107-48'),
(1469, '2024-06-12 09:57:00', '22.30', 'AM107-48'),
(1470, '2024-06-12 09:57:00', '22.30', 'AM107-48'),
(1471, '2024-06-12 09:57:08', '21.30', 'AM107-49'),
(1472, '2024-06-12 09:57:08', '21.30', 'AM107-49'),
(1473, '2024-06-12 09:57:08', '21.30', 'AM107-49'),
(1474, '2024-06-12 09:57:35', '22.90', 'AM107-53'),
(1475, '2024-06-12 09:57:35', '22.90', 'AM107-53'),
(1476, '2024-06-12 09:57:35', '22.90', 'AM107-53'),
(1477, '2024-06-12 09:58:12', '22.80', 'AM107-12'),
(1478, '2024-06-12 09:58:12', '22.80', 'AM107-12'),
(1479, '2024-06-12 09:58:12', '22.80', 'AM107-12'),
(1480, '2024-06-12 09:58:28', '23.00', 'AM107-46'),
(1481, '2024-06-12 09:58:28', '23.00', 'AM107-46'),
(1482, '2024-06-12 09:58:29', '23.00', 'AM107-46'),
(1483, '2024-06-12 09:58:30', '24.20', 'AM107-36'),
(1484, '2024-06-12 09:58:30', '24.20', 'AM107-36'),
(1485, '2024-06-12 09:58:30', '24.20', 'AM107-36'),
(1486, '2024-06-12 09:58:42', '24.10', 'AM107-4'),
(1487, '2024-06-12 09:58:42', '24.10', 'AM107-4'),
(1488, '2024-06-12 09:58:42', '24.10', 'AM107-4'),
(1489, '2024-06-12 09:58:56', '25.80', 'AM107-55'),
(1490, '2024-06-12 09:58:56', '25.80', 'AM107-55'),
(1491, '2024-06-12 09:58:56', '25.80', 'AM107-55'),
(1492, '2024-06-12 09:58:58', '21.50', 'AM107-23'),
(1493, '2024-06-12 09:58:58', '21.50', 'AM107-23'),
(1494, '2024-06-12 09:58:58', '21.50', 'AM107-23'),
(1495, '2024-06-12 09:58:58', '22.50', 'AM107-27'),
(1496, '2024-06-12 09:58:58', '22.50', 'AM107-27'),
(1497, '2024-06-12 09:58:58', '22.50', 'AM107-27'),
(1498, '2024-06-12 09:58:59', '21.90', 'AM107-14'),
(1499, '2024-06-12 09:58:59', '21.90', 'AM107-14'),
(1500, '2024-06-12 09:58:59', '21.90', 'AM107-14'),
(1504, '2024-06-12 10:00:09', '22.20', 'AM107-3'),
(1505, '2024-06-12 10:00:09', '22.20', 'AM107-3'),
(1506, '2024-06-12 10:00:09', '22.20', 'AM107-3'),
(1507, '2024-06-12 10:00:26', '21.50', 'AM107-7'),
(1508, '2024-06-12 10:00:26', '21.50', 'AM107-7'),
(1509, '2024-06-12 10:00:26', '21.50', 'AM107-7'),
(1510, '2024-06-12 10:00:28', '23.90', 'AM107-35'),
(1511, '2024-06-12 10:00:28', '23.90', 'AM107-35'),
(1512, '2024-06-12 10:00:28', '23.90', 'AM107-35'),
(1513, '2024-06-12 10:00:28', '22.10', 'AM107-47'),
(1514, '2024-06-12 10:00:28', '22.10', 'AM107-47'),
(1515, '2024-06-12 10:00:28', '22.10', 'AM107-47'),
(1516, '2024-06-12 10:00:40', '21.60', 'AM107-8'),
(1517, '2024-06-12 10:00:41', '21.60', 'AM107-8'),
(1518, '2024-06-12 10:00:41', '21.60', 'AM107-8'),
(1519, '2024-06-12 10:00:43', '22.90', 'AM107-16'),
(1520, '2024-06-12 10:00:43', '22.90', 'AM107-16'),
(1521, '2024-06-12 10:00:43', '22.90', 'AM107-16'),
(1522, '2024-06-12 10:01:06', '24.30', 'AM107-34'),
(1523, '2024-06-12 10:01:06', '24.30', 'AM107-34'),
(1524, '2024-06-12 10:01:06', '24.30', 'AM107-34'),
(1525, '2024-06-12 10:01:28', '22.60', 'AM107-13'),
(1526, '2024-06-12 10:01:28', '22.60', 'AM107-13'),
(1527, '2024-06-12 10:01:28', '22.60', 'AM107-13'),
(1528, '2024-06-12 10:01:28', '25.50', 'AM107-22'),
(1529, '2024-06-12 10:01:28', '25.50', 'AM107-22'),
(1530, '2024-06-12 10:01:28', '25.50', 'AM107-22'),
(1531, '2024-06-12 10:02:08', '22.80', 'AM107-26'),
(1532, '2024-06-12 10:02:08', '22.80', 'AM107-26'),
(1533, '2024-06-12 10:02:08', '22.80', 'AM107-26'),
(1534, '2024-06-12 10:02:10', '22.80', 'AM107-43'),
(1535, '2024-06-12 10:02:10', '22.80', 'AM107-43'),
(1536, '2024-06-12 10:02:10', '22.80', 'AM107-43'),
(1537, '2024-06-12 10:02:14', '24.20', 'AM107-39'),
(1538, '2024-06-12 10:02:14', '24.20', 'AM107-39'),
(1539, '2024-06-12 10:02:14', '24.20', 'AM107-39'),
(1540, '2024-06-12 10:14:39', '23.00', 'AM107-30'),
(1541, '2024-06-12 10:14:39', '23.00', 'AM107-30'),
(1542, '2024-06-12 10:14:39', '23.00', 'AM107-30'),
(1543, '2024-06-12 10:14:52', '22.60', 'AM107-28'),
(1544, '2024-06-12 10:14:52', '22.60', 'AM107-28'),
(1545, '2024-06-12 10:14:52', '22.60', 'AM107-28'),
(1546, '2024-06-12 10:14:57', '20.70', 'AM107-51'),
(1547, '2024-06-12 10:14:57', '20.70', 'AM107-51'),
(1548, '2024-06-12 10:14:57', '20.70', 'AM107-51'),
(1549, '2024-06-12 10:14:57', '22.10', 'AM107-17'),
(1550, '2024-06-12 10:14:57', '22.10', 'AM107-17'),
(1551, '2024-06-12 10:14:57', '22.10', 'AM107-17'),
(1552, '2024-06-12 10:15:26', '22.70', 'AM107-20'),
(1553, '2024-06-12 10:15:26', '22.70', 'AM107-20'),
(1554, '2024-06-12 10:15:26', '22.70', 'AM107-20'),
(1555, '2024-06-12 10:15:30', '23.10', 'AM107-38'),
(1556, '2024-06-12 10:15:30', '23.10', 'AM107-38'),
(1557, '2024-06-12 10:15:30', '23.10', 'AM107-38'),
(1558, '2024-06-12 10:15:56', '24.80', 'AM107-41'),
(1559, '2024-06-12 10:15:56', '24.80', 'AM107-41'),
(1560, '2024-06-12 10:15:56', '24.80', 'AM107-41'),
(1561, '2024-06-12 10:15:56', '24.70', 'AM107-31'),
(1562, '2024-06-12 10:15:56', '24.70', 'AM107-31'),
(1563, '2024-06-12 10:15:56', '24.70', 'AM107-31'),
(1564, '2024-06-12 10:16:30', '23.20', 'AM107-52'),
(1565, '2024-06-12 10:16:30', '23.20', 'AM107-52'),
(1566, '2024-06-12 10:16:30', '23.20', 'AM107-52'),
(1567, '2024-06-12 10:16:37', '21.90', 'AM107-24'),
(1568, '2024-06-12 10:16:37', '21.90', 'AM107-24'),
(1569, '2024-06-12 10:16:37', '21.90', 'AM107-24'),
(1570, '2024-06-12 10:16:38', '21.20', 'AM107-50'),
(1571, '2024-06-12 10:16:38', '21.20', 'AM107-50'),
(1572, '2024-06-12 10:16:38', '21.20', 'AM107-50'),
(1573, '2024-06-12 10:16:43', '23.60', 'AM107-6'),
(1574, '2024-06-12 10:16:43', '23.60', 'AM107-6'),
(1575, '2024-06-12 10:16:43', '23.60', 'AM107-6'),
(1576, '2024-06-12 10:17:00', '23.40', 'AM107-42'),
(1577, '2024-06-12 10:17:00', '23.40', 'AM107-42'),
(1578, '2024-06-12 10:17:00', '23.40', 'AM107-42'),
(1579, '2024-06-12 10:17:01', '22.40', 'AM107-48'),
(1580, '2024-06-12 10:17:01', '22.40', 'AM107-48'),
(1581, '2024-06-12 10:17:01', '22.40', 'AM107-48'),
(1582, '2024-06-12 10:17:06', '23.80', 'AM107-33'),
(1583, '2024-06-12 10:17:06', '23.80', 'AM107-33'),
(1584, '2024-06-12 10:17:06', '23.80', 'AM107-33'),
(1585, '2024-06-12 10:17:07', '24.00', 'AM107-32'),
(1586, '2024-06-12 10:17:07', '24.00', 'AM107-32'),
(1587, '2024-06-12 10:17:07', '24.00', 'AM107-32'),
(1588, '2024-06-12 10:17:07', '21.20', 'AM107-49'),
(1589, '2024-06-12 10:17:07', '21.20', 'AM107-49'),
(1590, '2024-06-12 10:17:08', '21.20', 'AM107-49'),
(1591, '2024-06-12 10:17:36', '22.90', 'AM107-53'),
(1592, '2024-06-12 10:17:36', '22.90', 'AM107-53'),
(1593, '2024-06-12 10:17:36', '22.90', 'AM107-53'),
(1594, '2024-06-12 10:18:11', '22.80', 'AM107-12'),
(1595, '2024-06-12 10:18:11', '22.80', 'AM107-12'),
(1596, '2024-06-12 10:18:11', '22.80', 'AM107-12'),
(1597, '2024-06-12 10:18:29', '23.00', 'AM107-46'),
(1598, '2024-06-12 10:18:29', '23.00', 'AM107-46'),
(1599, '2024-06-12 10:18:29', '23.00', 'AM107-46'),
(1600, '2024-06-12 10:18:30', '24.10', 'AM107-36'),
(1601, '2024-06-12 10:18:30', '24.10', 'AM107-36'),
(1602, '2024-06-12 10:18:30', '24.10', 'AM107-36'),
(1603, '2024-06-12 10:18:41', '23.80', 'AM107-4'),
(1604, '2024-06-12 10:18:41', '23.80', 'AM107-4'),
(1605, '2024-06-12 10:18:41', '23.80', 'AM107-4'),
(1606, '2024-06-12 10:18:56', '25.90', 'AM107-55'),
(1607, '2024-06-12 10:18:56', '25.90', 'AM107-55'),
(1608, '2024-06-12 10:18:56', '25.90', 'AM107-55'),
(1609, '2024-06-12 10:18:58', '21.40', 'AM107-23'),
(1610, '2024-06-12 10:18:58', '21.40', 'AM107-23'),
(1611, '2024-06-12 10:18:58', '21.40', 'AM107-23'),
(1612, '2024-06-12 10:18:59', '22.50', 'AM107-27'),
(1613, '2024-06-12 10:18:59', '22.50', 'AM107-27'),
(1614, '2024-06-12 10:18:59', '22.50', 'AM107-27'),
(1615, '2024-06-12 10:18:59', '22.00', 'AM107-14'),
(1616, '2024-06-12 10:18:59', '22.00', 'AM107-14'),
(1617, '2024-06-12 10:18:59', '22.00', 'AM107-14'),
(1621, '2024-06-12 10:20:11', '22.10', 'AM107-3'),
(1622, '2024-06-12 10:20:11', '22.10', 'AM107-3'),
(1623, '2024-06-12 10:20:11', '22.10', 'AM107-3'),
(1624, '2024-06-12 10:20:25', '21.50', 'AM107-7'),
(1625, '2024-06-12 10:20:25', '21.50', 'AM107-7'),
(1626, '2024-06-12 10:20:25', '21.50', 'AM107-7'),
(1627, '2024-06-12 10:20:28', '23.60', 'AM107-35'),
(1628, '2024-06-12 10:20:28', '23.60', 'AM107-35'),
(1629, '2024-06-12 10:20:28', '23.60', 'AM107-35'),
(1630, '2024-06-12 10:20:29', '22.20', 'AM107-47'),
(1631, '2024-06-12 10:20:29', '22.20', 'AM107-47'),
(1632, '2024-06-12 10:20:29', '22.20', 'AM107-47'),
(1633, '2024-06-12 10:20:31', '22.20', 'AM107-47'),
(1634, '2024-06-12 10:20:31', '22.20', 'AM107-47'),
(1635, '2024-06-12 10:20:31', '22.20', 'AM107-47'),
(1636, '2024-06-12 10:20:41', '21.60', 'AM107-8'),
(1637, '2024-06-12 10:20:41', '21.60', 'AM107-8'),
(1638, '2024-06-12 10:20:41', '21.60', 'AM107-8'),
(1639, '2024-06-12 10:20:43', '22.90', 'AM107-16'),
(1640, '2024-06-12 10:20:43', '22.90', 'AM107-16'),
(1641, '2024-06-12 10:20:43', '22.90', 'AM107-16'),
(1642, '2024-06-12 10:21:05', '24.00', 'AM107-34'),
(1643, '2024-06-12 10:21:05', '24.00', 'AM107-34'),
(1644, '2024-06-12 10:21:05', '24.00', 'AM107-34'),
(1645, '2024-06-12 10:21:27', '22.70', 'AM107-13'),
(1646, '2024-06-12 10:21:27', '22.70', 'AM107-13'),
(1647, '2024-06-12 10:21:27', '22.70', 'AM107-13'),
(1648, '2024-06-12 10:21:27', '25.50', 'AM107-22'),
(1649, '2024-06-12 10:21:27', '25.50', 'AM107-22'),
(1650, '2024-06-12 10:21:27', '25.50', 'AM107-22'),
(1651, '2024-06-12 10:22:08', '22.80', 'AM107-26'),
(1652, '2024-06-12 10:22:08', '22.80', 'AM107-26'),
(1653, '2024-06-12 10:22:08', '22.80', 'AM107-26'),
(1654, '2024-06-12 10:22:09', '22.80', 'AM107-43'),
(1655, '2024-06-12 10:22:10', '22.80', 'AM107-43'),
(1656, '2024-06-12 10:22:10', '22.80', 'AM107-43'),
(1657, '2024-06-12 10:22:14', '24.30', 'AM107-39'),
(1658, '2024-06-12 10:22:14', '24.30', 'AM107-39'),
(1659, '2024-06-12 10:22:14', '24.30', 'AM107-39'),
(1660, '2024-06-12 10:22:55', '23.90', 'AM107-29'),
(1661, '2024-06-12 10:22:55', '23.90', 'AM107-29'),
(1662, '2024-06-12 10:22:55', '23.90', 'AM107-29'),
(1663, '2024-06-12 10:22:57', '22.00', 'AM107-54'),
(1664, '2024-06-12 10:22:57', '22.00', 'AM107-54'),
(1665, '2024-06-12 10:22:57', '22.00', 'AM107-54'),
(1666, '2024-06-12 10:23:00', '24.00', 'AM107-18'),
(1667, '2024-06-12 10:23:00', '24.00', 'AM107-18'),
(1668, '2024-06-12 10:23:00', '24.00', 'AM107-18'),
(1669, '2024-06-12 10:24:40', '23.10', 'AM107-30'),
(1670, '2024-06-12 10:24:40', '23.10', 'AM107-30'),
(1671, '2024-06-12 10:24:40', '23.10', 'AM107-30'),
(1672, '2024-06-12 10:24:53', '22.60', 'AM107-28'),
(1673, '2024-06-12 10:24:53', '22.60', 'AM107-28'),
(1674, '2024-06-12 10:24:53', '22.60', 'AM107-28'),
(1675, '2024-06-12 10:24:56', '20.70', 'AM107-51'),
(1676, '2024-06-12 10:24:56', '20.70', 'AM107-51'),
(1677, '2024-06-12 10:24:56', '20.70', 'AM107-51'),
(1678, '2024-06-12 10:24:56', '22.10', 'AM107-17'),
(1679, '2024-06-12 10:24:56', '22.10', 'AM107-17'),
(1680, '2024-06-12 10:24:56', '22.10', 'AM107-17'),
(1681, '2024-06-12 10:25:27', '22.70', 'AM107-20'),
(1682, '2024-06-12 10:25:27', '22.70', 'AM107-20'),
(1683, '2024-06-12 10:25:27', '22.70', 'AM107-20'),
(1684, '2024-06-12 10:25:30', '23.10', 'AM107-38'),
(1685, '2024-06-12 10:25:30', '23.10', 'AM107-38'),
(1686, '2024-06-12 10:25:30', '23.10', 'AM107-38'),
(1687, '2024-06-12 10:25:58', '24.90', 'AM107-41'),
(1688, '2024-06-12 10:25:58', '24.90', 'AM107-41'),
(1689, '2024-06-12 10:25:58', '24.90', 'AM107-41'),
(1690, '2024-06-12 10:26:01', '24.80', 'AM107-31'),
(1691, '2024-06-12 10:26:01', '24.80', 'AM107-31'),
(1692, '2024-06-12 10:26:01', '24.80', 'AM107-31'),
(1693, '2024-06-12 10:26:31', '23.30', 'AM107-52'),
(1694, '2024-06-12 10:26:31', '23.30', 'AM107-52'),
(1695, '2024-06-12 10:26:31', '23.30', 'AM107-52'),
(1696, '2024-06-12 10:26:37', '21.90', 'AM107-24'),
(1697, '2024-06-12 10:26:37', '21.90', 'AM107-24'),
(1698, '2024-06-12 10:26:37', '21.90', 'AM107-24'),
(1699, '2024-06-12 10:26:38', '21.20', 'AM107-50'),
(1700, '2024-06-12 10:26:38', '21.20', 'AM107-50'),
(1701, '2024-06-12 10:26:38', '21.20', 'AM107-50'),
(1702, '2024-06-12 10:26:43', '23.70', 'AM107-6'),
(1703, '2024-06-12 10:26:43', '23.70', 'AM107-6'),
(1704, '2024-06-12 10:26:43', '23.70', 'AM107-6'),
(1705, '2024-06-12 10:26:57', '23.40', 'AM107-33'),
(1706, '2024-06-12 10:26:57', '23.40', 'AM107-33'),
(1707, '2024-06-12 10:26:57', '23.40', 'AM107-33'),
(1708, '2024-06-12 10:26:59', '23.60', 'AM107-32'),
(1709, '2024-06-12 10:26:59', '23.60', 'AM107-32'),
(1710, '2024-06-12 10:26:59', '23.60', 'AM107-32'),
(1711, '2024-06-12 10:27:00', '23.50', 'AM107-42'),
(1712, '2024-06-12 10:27:00', '23.50', 'AM107-42'),
(1713, '2024-06-12 10:27:00', '23.50', 'AM107-42'),
(1714, '2024-06-12 10:27:01', '22.50', 'AM107-48'),
(1715, '2024-06-12 10:27:01', '22.50', 'AM107-48'),
(1716, '2024-06-12 10:27:01', '22.50', 'AM107-48'),
(1717, '2024-06-12 10:27:08', '21.20', 'AM107-49'),
(1718, '2024-06-12 10:27:08', '21.20', 'AM107-49'),
(1719, '2024-06-12 10:27:08', '21.20', 'AM107-49'),
(1720, '2024-06-12 10:27:36', '22.90', 'AM107-53'),
(1721, '2024-06-12 10:27:36', '22.90', 'AM107-53'),
(1722, '2024-06-12 10:27:36', '22.90', 'AM107-53'),
(1723, '2024-06-12 10:28:10', '22.90', 'AM107-12'),
(1724, '2024-06-12 10:28:10', '22.90', 'AM107-12'),
(1725, '2024-06-12 10:28:10', '22.90', 'AM107-12'),
(1726, '2024-06-12 10:28:27', '23.00', 'AM107-46'),
(1727, '2024-06-12 10:28:27', '23.00', 'AM107-46'),
(1728, '2024-06-12 10:28:27', '23.00', 'AM107-46'),
(1729, '2024-06-12 10:28:30', '23.90', 'AM107-36'),
(1730, '2024-06-12 10:28:30', '23.90', 'AM107-36'),
(1731, '2024-06-12 10:28:30', '23.90', 'AM107-36'),
(1732, '2024-06-12 10:28:42', '23.80', 'AM107-4'),
(1733, '2024-06-12 10:28:42', '23.80', 'AM107-4'),
(1734, '2024-06-12 10:28:42', '23.80', 'AM107-4'),
(1735, '2024-06-12 10:28:56', '25.80', 'AM107-55'),
(1736, '2024-06-12 10:28:56', '25.80', 'AM107-55'),
(1737, '2024-06-12 10:28:56', '25.80', 'AM107-55'),
(1738, '2024-06-12 10:28:58', '21.50', 'AM107-23'),
(1739, '2024-06-12 10:28:58', '21.50', 'AM107-23'),
(1740, '2024-06-12 10:28:58', '21.50', 'AM107-23'),
(1741, '2024-06-12 10:28:58', '22.50', 'AM107-27'),
(1742, '2024-06-12 10:28:58', '22.50', 'AM107-27'),
(1743, '2024-06-12 10:28:58', '22.50', 'AM107-27'),
(1744, '2024-06-12 10:28:59', '22.10', 'AM107-14'),
(1745, '2024-06-12 10:28:59', '22.10', 'AM107-14'),
(1746, '2024-06-12 10:28:59', '22.10', 'AM107-14'),
(1750, '2024-06-12 10:30:11', '22.30', 'AM107-3'),
(1751, '2024-06-12 10:30:11', '22.30', 'AM107-3'),
(1752, '2024-06-12 10:30:11', '22.30', 'AM107-3'),
(1753, '2024-06-12 10:30:26', '21.50', 'AM107-7'),
(1754, '2024-06-12 10:30:26', '21.50', 'AM107-7'),
(1755, '2024-06-12 10:30:26', '21.50', 'AM107-7'),
(1756, '2024-06-12 10:30:28', '23.30', 'AM107-35'),
(1757, '2024-06-12 10:30:28', '23.30', 'AM107-35'),
(1758, '2024-06-12 10:30:28', '23.30', 'AM107-35'),
(1759, '2024-06-12 10:30:28', '22.30', 'AM107-47'),
(1760, '2024-06-12 10:30:28', '22.30', 'AM107-47'),
(1761, '2024-06-12 10:30:28', '22.30', 'AM107-47'),
(1762, '2024-06-12 10:30:31', '22.30', 'AM107-47'),
(1763, '2024-06-12 10:30:31', '22.30', 'AM107-47'),
(1764, '2024-06-12 10:30:31', '22.30', 'AM107-47'),
(1765, '2024-06-12 10:30:41', '21.60', 'AM107-8'),
(1766, '2024-06-12 10:30:41', '21.60', 'AM107-8'),
(1767, '2024-06-12 10:30:41', '21.60', 'AM107-8'),
(1768, '2024-06-12 10:30:43', '22.90', 'AM107-16'),
(1769, '2024-06-12 10:30:43', '22.90', 'AM107-16'),
(1770, '2024-06-12 10:30:43', '22.90', 'AM107-16'),
(1771, '2024-06-12 10:31:06', '23.80', 'AM107-34'),
(1772, '2024-06-12 10:31:06', '23.80', 'AM107-34'),
(1773, '2024-06-12 10:31:06', '23.80', 'AM107-34'),
(1774, '2024-06-12 10:31:28', '22.80', 'AM107-13'),
(1775, '2024-06-12 10:31:28', '22.80', 'AM107-13'),
(1776, '2024-06-12 10:31:28', '22.80', 'AM107-13'),
(1777, '2024-06-12 10:31:28', '25.50', 'AM107-22'),
(1778, '2024-06-12 10:31:28', '25.50', 'AM107-22'),
(1779, '2024-06-12 10:31:28', '25.50', 'AM107-22'),
(1780, '2024-06-12 10:32:08', '22.80', 'AM107-26'),
(1781, '2024-06-12 10:32:08', '22.80', 'AM107-26'),
(1782, '2024-06-12 10:32:08', '22.80', 'AM107-26'),
(1783, '2024-06-12 10:32:14', '24.40', 'AM107-39'),
(1784, '2024-06-12 10:32:14', '24.40', 'AM107-39'),
(1785, '2024-06-12 10:32:14', '24.40', 'AM107-39'),
(1786, '2024-06-12 10:32:14', '22.90', 'AM107-43'),
(1787, '2024-06-12 10:32:14', '22.90', 'AM107-43'),
(1788, '2024-06-12 10:32:14', '22.90', 'AM107-43'),
(1789, '2024-06-12 10:32:54', '24.00', 'AM107-29'),
(1790, '2024-06-12 10:32:54', '24.00', 'AM107-29'),
(1791, '2024-06-12 10:32:54', '24.00', 'AM107-29'),
(1792, '2024-06-12 10:32:57', '22.00', 'AM107-54'),
(1793, '2024-06-12 10:32:57', '22.00', 'AM107-54'),
(1794, '2024-06-12 10:32:57', '22.00', 'AM107-54'),
(1795, '2024-06-12 10:33:00', '23.90', 'AM107-18'),
(1796, '2024-06-12 10:33:00', '23.90', 'AM107-18'),
(1797, '2024-06-12 10:33:00', '23.90', 'AM107-18'),
(1798, '2024-06-12 10:34:39', '23.10', 'AM107-30'),
(1799, '2024-06-12 10:34:39', '23.10', 'AM107-30'),
(1800, '2024-06-12 10:34:39', '23.10', 'AM107-30'),
(1801, '2024-06-12 10:34:39', '23.10', 'AM107-30'),
(1802, '2024-06-12 10:34:52', '22.60', 'AM107-28'),
(1803, '2024-06-12 10:34:52', '22.60', 'AM107-28'),
(1804, '2024-06-12 10:34:52', '22.60', 'AM107-28'),
(1805, '2024-06-12 10:34:52', '22.60', 'AM107-28'),
(1806, '2024-06-12 10:34:57', '20.80', 'AM107-51'),
(1807, '2024-06-12 10:34:57', '20.80', 'AM107-51'),
(1808, '2024-06-12 10:34:57', '20.80', 'AM107-51'),
(1809, '2024-06-12 10:34:57', '20.80', 'AM107-51'),
(1810, '2024-06-12 10:34:57', '22.10', 'AM107-17'),
(1811, '2024-06-12 10:34:57', '22.10', 'AM107-17'),
(1812, '2024-06-12 10:34:57', '22.10', 'AM107-17'),
(1813, '2024-06-12 10:34:57', '22.10', 'AM107-17'),
(1814, '2024-06-12 10:35:26', '22.70', 'AM107-20'),
(1815, '2024-06-12 10:35:26', '22.70', 'AM107-20'),
(1816, '2024-06-12 10:35:26', '22.70', 'AM107-20'),
(1817, '2024-06-12 10:35:26', '22.70', 'AM107-20'),
(1818, '2024-06-12 10:35:30', '23.20', 'AM107-38'),
(1819, '2024-06-12 10:35:30', '23.20', 'AM107-38'),
(1820, '2024-06-12 10:35:30', '23.20', 'AM107-38'),
(1821, '2024-06-12 10:35:30', '23.20', 'AM107-38'),
(1822, '2024-06-12 10:35:56', '25.10', 'AM107-41'),
(1823, '2024-06-12 10:35:56', '25.10', 'AM107-41'),
(1824, '2024-06-12 10:35:56', '25.10', 'AM107-41'),
(1825, '2024-06-12 10:35:56', '25.10', 'AM107-41'),
(1826, '2024-06-12 10:35:59', '24.80', 'AM107-31'),
(1827, '2024-06-12 10:35:59', '24.80', 'AM107-31'),
(1828, '2024-06-12 10:35:59', '24.80', 'AM107-31'),
(1829, '2024-06-12 10:35:59', '24.80', 'AM107-31'),
(1830, '2024-06-12 10:36:28', '23.30', 'AM107-52'),
(1831, '2024-06-12 10:36:28', '23.30', 'AM107-52'),
(1832, '2024-06-12 10:36:28', '23.30', 'AM107-52'),
(1833, '2024-06-12 10:36:28', '23.30', 'AM107-52'),
(1834, '2024-06-12 10:36:37', '21.90', 'AM107-24'),
(1835, '2024-06-12 10:36:37', '21.90', 'AM107-24'),
(1836, '2024-06-12 10:36:37', '21.90', 'AM107-24'),
(1837, '2024-06-12 10:36:37', '21.90', 'AM107-24'),
(1838, '2024-06-12 10:36:38', '21.20', 'AM107-50'),
(1839, '2024-06-12 10:36:38', '21.20', 'AM107-50'),
(1840, '2024-06-12 10:36:38', '21.20', 'AM107-50'),
(1841, '2024-06-12 10:36:38', '21.20', 'AM107-50'),
(1842, '2024-06-12 10:36:42', '23.70', 'AM107-6'),
(1843, '2024-06-12 10:36:42', '23.70', 'AM107-6'),
(1844, '2024-06-12 10:36:42', '23.70', 'AM107-6'),
(1845, '2024-06-12 10:36:42', '23.70', 'AM107-6'),
(1846, '2024-06-12 10:36:58', '23.10', 'AM107-33'),
(1847, '2024-06-12 10:36:58', '23.10', 'AM107-33'),
(1848, '2024-06-12 10:36:58', '23.10', 'AM107-33'),
(1849, '2024-06-12 10:36:58', '23.10', 'AM107-33'),
(1850, '2024-06-12 10:36:59', '23.50', 'AM107-32'),
(1851, '2024-06-12 10:36:59', '23.50', 'AM107-32'),
(1852, '2024-06-12 10:36:59', '23.50', 'AM107-32'),
(1853, '2024-06-12 10:36:59', '23.50', 'AM107-32'),
(1854, '2024-06-12 10:37:00', '23.50', 'AM107-42'),
(1855, '2024-06-12 10:37:00', '23.50', 'AM107-42'),
(1856, '2024-06-12 10:37:00', '23.50', 'AM107-42'),
(1857, '2024-06-12 10:37:00', '23.50', 'AM107-42'),
(1858, '2024-06-12 10:37:01', '22.50', 'AM107-48'),
(1859, '2024-06-12 10:37:01', '22.50', 'AM107-48'),
(1860, '2024-06-12 10:37:01', '22.50', 'AM107-48'),
(1861, '2024-06-12 10:37:01', '22.50', 'AM107-48'),
(1862, '2024-06-12 10:37:08', '21.30', 'AM107-49'),
(1863, '2024-06-12 10:37:08', '21.30', 'AM107-49'),
(1864, '2024-06-12 10:37:08', '21.30', 'AM107-49'),
(1865, '2024-06-12 10:37:08', '21.30', 'AM107-49'),
(1866, '2024-06-12 10:37:35', '22.90', 'AM107-53'),
(1867, '2024-06-12 10:37:35', '22.90', 'AM107-53'),
(1868, '2024-06-12 10:37:35', '22.90', 'AM107-53'),
(1869, '2024-06-12 10:37:36', '22.90', 'AM107-53'),
(1870, '2024-06-12 10:38:10', '22.90', 'AM107-12'),
(1871, '2024-06-12 10:38:10', '22.90', 'AM107-12'),
(1872, '2024-06-12 10:38:10', '22.90', 'AM107-12'),
(1873, '2024-06-12 10:38:10', '22.90', 'AM107-12'),
(1874, '2024-06-12 10:38:28', '23.00', 'AM107-46'),
(1875, '2024-06-12 10:38:28', '23.00', 'AM107-46'),
(1876, '2024-06-12 10:38:28', '23.00', 'AM107-46'),
(1877, '2024-06-12 10:38:28', '23.00', 'AM107-46'),
(1878, '2024-06-12 10:38:42', '23.80', 'AM107-4'),
(1879, '2024-06-12 10:38:42', '23.80', 'AM107-4'),
(1880, '2024-06-12 10:38:42', '23.80', 'AM107-4'),
(1881, '2024-06-12 10:38:42', '23.80', 'AM107-4'),
(1882, '2024-06-12 10:38:57', '25.90', 'AM107-55'),
(1883, '2024-06-12 10:38:57', '25.90', 'AM107-55'),
(1884, '2024-06-12 10:38:57', '25.90', 'AM107-55'),
(1885, '2024-06-12 10:38:57', '25.90', 'AM107-55'),
(1886, '2024-06-12 10:38:58', '21.50', 'AM107-23'),
(1887, '2024-06-12 10:38:58', '21.50', 'AM107-23'),
(1888, '2024-06-12 10:38:58', '21.50', 'AM107-23'),
(1889, '2024-06-12 10:38:58', '21.50', 'AM107-23'),
(1890, '2024-06-12 10:38:58', '22.60', 'AM107-27'),
(1891, '2024-06-12 10:38:58', '22.60', 'AM107-27'),
(1892, '2024-06-12 10:38:58', '22.60', 'AM107-27'),
(1893, '2024-06-12 10:38:58', '22.60', 'AM107-27'),
(1894, '2024-06-12 10:38:58', '22.10', 'AM107-14'),
(1895, '2024-06-12 10:38:58', '22.10', 'AM107-14'),
(1896, '2024-06-12 10:38:58', '22.10', 'AM107-14'),
(1897, '2024-06-12 10:38:58', '22.10', 'AM107-14'),
(1902, '2024-06-12 10:40:11', '22.40', 'AM107-3'),
(1903, '2024-06-12 10:40:11', '22.40', 'AM107-3'),
(1904, '2024-06-12 10:40:11', '22.40', 'AM107-3'),
(1905, '2024-06-12 10:40:11', '22.40', 'AM107-3'),
(1906, '2024-06-12 10:40:26', '21.60', 'AM107-7'),
(1907, '2024-06-12 10:40:26', '21.60', 'AM107-7'),
(1908, '2024-06-12 10:40:26', '21.60', 'AM107-7'),
(1909, '2024-06-12 10:40:26', '21.60', 'AM107-7'),
(1910, '2024-06-12 10:40:28', '23.30', 'AM107-35'),
(1911, '2024-06-12 10:40:28', '23.30', 'AM107-35'),
(1912, '2024-06-12 10:40:28', '23.30', 'AM107-35'),
(1913, '2024-06-12 10:40:28', '23.30', 'AM107-35'),
(1914, '2024-06-12 10:40:28', '22.30', 'AM107-47'),
(1915, '2024-06-12 10:40:28', '22.30', 'AM107-47'),
(1916, '2024-06-12 10:40:28', '22.30', 'AM107-47'),
(1917, '2024-06-12 10:40:28', '22.30', 'AM107-47'),
(1918, '2024-06-12 10:40:42', '21.70', 'AM107-8'),
(1919, '2024-06-12 10:40:42', '21.70', 'AM107-8'),
(1920, '2024-06-12 10:40:42', '21.70', 'AM107-8'),
(1921, '2024-06-12 10:40:42', '21.70', 'AM107-8'),
(1922, '2024-06-12 10:40:43', '22.90', 'AM107-16'),
(1923, '2024-06-12 10:40:43', '22.90', 'AM107-16'),
(1924, '2024-06-12 10:40:43', '22.90', 'AM107-16'),
(1925, '2024-06-12 10:40:43', '22.90', 'AM107-16'),
(1926, '2024-06-12 10:41:06', '23.70', 'AM107-34'),
(1927, '2024-06-12 10:41:06', '23.70', 'AM107-34'),
(1928, '2024-06-12 10:41:06', '23.70', 'AM107-34'),
(1929, '2024-06-12 10:41:06', '23.70', 'AM107-34'),
(1930, '2024-06-12 10:41:27', '22.80', 'AM107-13'),
(1931, '2024-06-12 10:41:27', '22.80', 'AM107-13'),
(1932, '2024-06-12 10:41:27', '22.80', 'AM107-13'),
(1933, '2024-06-12 10:41:27', '22.80', 'AM107-13'),
(1934, '2024-06-12 10:41:28', '25.50', 'AM107-22'),
(1935, '2024-06-12 10:41:28', '25.50', 'AM107-22'),
(1936, '2024-06-12 10:41:28', '25.50', 'AM107-22'),
(1937, '2024-06-12 10:41:28', '25.50', 'AM107-22'),
(1938, '2024-06-12 10:42:08', '22.90', 'AM107-26'),
(1939, '2024-06-12 10:42:08', '22.90', 'AM107-26'),
(1940, '2024-06-12 10:42:08', '22.90', 'AM107-26'),
(1941, '2024-06-12 10:42:08', '22.90', 'AM107-26'),
(1942, '2024-06-12 10:42:13', '24.40', 'AM107-39'),
(1943, '2024-06-12 10:42:13', '24.40', 'AM107-39'),
(1944, '2024-06-12 10:42:13', '24.40', 'AM107-39'),
(1945, '2024-06-12 10:42:13', '24.40', 'AM107-39'),
(1946, '2024-06-12 10:42:14', '22.90', 'AM107-43'),
(1947, '2024-06-12 10:42:14', '22.90', 'AM107-43'),
(1948, '2024-06-12 10:42:14', '22.90', 'AM107-43'),
(1949, '2024-06-12 10:42:14', '22.90', 'AM107-43'),
(1950, '2024-06-12 10:42:54', '24.00', 'AM107-29'),
(1951, '2024-06-12 10:42:54', '24.00', 'AM107-29'),
(1952, '2024-06-12 10:42:54', '24.00', 'AM107-29'),
(1953, '2024-06-12 10:42:54', '24.00', 'AM107-29'),
(1954, '2024-06-12 10:42:56', '22.00', 'AM107-54'),
(1955, '2024-06-12 10:42:56', '22.00', 'AM107-54'),
(1956, '2024-06-12 10:42:56', '22.00', 'AM107-54'),
(1957, '2024-06-12 10:42:56', '22.00', 'AM107-54'),
(1958, '2024-06-12 10:42:58', '23.80', 'AM107-18'),
(1959, '2024-06-12 10:42:58', '23.80', 'AM107-18'),
(1960, '2024-06-12 10:42:58', '23.80', 'AM107-18'),
(1961, '2024-06-12 10:42:58', '23.80', 'AM107-18'),
(1962, '2024-06-12 10:44:39', '23.00', 'AM107-30'),
(1963, '2024-06-12 10:44:39', '23.00', 'AM107-30'),
(1964, '2024-06-12 10:44:39', '23.00', 'AM107-30'),
(1965, '2024-06-12 10:44:39', '23.00', 'AM107-30'),
(1966, '2024-06-12 10:44:52', '22.70', 'AM107-28'),
(1967, '2024-06-12 10:44:52', '22.70', 'AM107-28'),
(1968, '2024-06-12 10:44:52', '22.70', 'AM107-28'),
(1969, '2024-06-12 10:44:52', '22.70', 'AM107-28'),
(1970, '2024-06-12 10:44:57', '20.80', 'AM107-51'),
(1971, '2024-06-12 10:44:57', '20.80', 'AM107-51'),
(1972, '2024-06-12 10:44:57', '20.80', 'AM107-51'),
(1973, '2024-06-12 10:44:57', '20.80', 'AM107-51'),
(1974, '2024-06-12 10:44:57', '22.00', 'AM107-17'),
(1975, '2024-06-12 10:44:57', '22.00', 'AM107-17'),
(1976, '2024-06-12 10:44:57', '22.00', 'AM107-17'),
(1977, '2024-06-12 10:44:57', '22.00', 'AM107-17'),
(1978, '2024-06-12 10:45:26', '22.70', 'AM107-20'),
(1979, '2024-06-12 10:45:26', '22.70', 'AM107-20'),
(1980, '2024-06-12 10:45:26', '22.70', 'AM107-20'),
(1981, '2024-06-12 10:45:26', '22.70', 'AM107-20'),
(1982, '2024-06-12 10:45:31', '23.40', 'AM107-38'),
(1983, '2024-06-12 10:45:31', '23.40', 'AM107-38'),
(1984, '2024-06-12 10:45:31', '23.40', 'AM107-38'),
(1985, '2024-06-12 10:45:31', '23.40', 'AM107-38'),
(1986, '2024-06-12 10:45:56', '25.30', 'AM107-41'),
(1987, '2024-06-12 10:45:56', '25.30', 'AM107-41'),
(1988, '2024-06-12 10:45:56', '25.30', 'AM107-41'),
(1989, '2024-06-12 10:45:56', '25.30', 'AM107-41'),
(1990, '2024-06-12 10:46:29', '23.40', 'AM107-52'),
(1991, '2024-06-12 10:46:29', '23.40', 'AM107-52'),
(1992, '2024-06-12 10:46:29', '23.40', 'AM107-52'),
(1993, '2024-06-12 10:46:29', '23.40', 'AM107-52'),
(1994, '2024-06-12 10:46:37', '21.90', 'AM107-24'),
(1995, '2024-06-12 10:46:37', '21.90', 'AM107-24'),
(1996, '2024-06-12 10:46:37', '21.90', 'AM107-24'),
(1997, '2024-06-12 10:46:37', '21.90', 'AM107-24'),
(1998, '2024-06-12 10:46:38', '21.30', 'AM107-50'),
(1999, '2024-06-12 10:46:38', '21.30', 'AM107-50'),
(2000, '2024-06-12 10:46:38', '21.30', 'AM107-50'),
(2001, '2024-06-12 10:46:38', '21.30', 'AM107-50'),
(2002, '2024-06-12 10:46:42', '23.70', 'AM107-6'),
(2003, '2024-06-12 10:46:42', '23.70', 'AM107-6'),
(2004, '2024-06-12 10:46:42', '23.70', 'AM107-6'),
(2005, '2024-06-12 10:46:42', '23.70', 'AM107-6'),
(2006, '2024-06-12 10:46:58', '23.40', 'AM107-32'),
(2007, '2024-06-12 10:46:58', '23.40', 'AM107-32'),
(2008, '2024-06-12 10:46:58', '23.40', 'AM107-32'),
(2009, '2024-06-12 10:46:58', '23.40', 'AM107-32'),
(2010, '2024-06-12 10:47:00', '23.60', 'AM107-42'),
(2011, '2024-06-12 10:47:00', '23.60', 'AM107-42'),
(2012, '2024-06-12 10:47:00', '23.60', 'AM107-42'),
(2013, '2024-06-12 10:47:00', '23.60', 'AM107-42'),
(2014, '2024-06-12 10:47:01', '22.50', 'AM107-48'),
(2015, '2024-06-12 10:47:01', '22.50', 'AM107-48'),
(2016, '2024-06-12 10:47:01', '22.50', 'AM107-48'),
(2017, '2024-06-12 10:47:01', '22.50', 'AM107-48'),
(2018, '2024-06-12 10:47:05', '23.00', 'AM107-33'),
(2019, '2024-06-12 10:47:05', '23.00', 'AM107-33'),
(2020, '2024-06-12 10:47:05', '23.00', 'AM107-33'),
(2021, '2024-06-12 10:47:05', '23.00', 'AM107-33'),
(2022, '2024-06-12 10:47:07', '21.30', 'AM107-49'),
(2023, '2024-06-12 10:47:07', '21.30', 'AM107-49'),
(2024, '2024-06-12 10:47:07', '21.30', 'AM107-49'),
(2025, '2024-06-12 10:47:07', '21.30', 'AM107-49'),
(2026, '2024-06-12 10:47:36', '22.90', 'AM107-53'),
(2027, '2024-06-12 10:47:36', '22.90', 'AM107-53'),
(2028, '2024-06-12 10:47:36', '22.90', 'AM107-53'),
(2029, '2024-06-12 10:47:36', '22.90', 'AM107-53'),
(2030, '2024-06-12 10:48:11', '22.90', 'AM107-12'),
(2031, '2024-06-12 10:48:11', '22.90', 'AM107-12'),
(2032, '2024-06-12 10:48:11', '22.90', 'AM107-12'),
(2033, '2024-06-12 10:48:11', '22.90', 'AM107-12'),
(2034, '2024-06-12 10:48:29', '23.00', 'AM107-46'),
(2035, '2024-06-12 10:48:29', '23.00', 'AM107-46'),
(2036, '2024-06-12 10:48:29', '23.00', 'AM107-46'),
(2037, '2024-06-12 10:48:29', '23.00', 'AM107-46'),
(2038, '2024-06-12 10:48:30', '24.00', 'AM107-36'),
(2039, '2024-06-12 10:48:30', '24.00', 'AM107-36'),
(2040, '2024-06-12 10:48:30', '24.00', 'AM107-36'),
(2041, '2024-06-12 10:48:30', '24.00', 'AM107-36'),
(2042, '2024-06-12 10:48:41', '23.80', 'AM107-4'),
(2043, '2024-06-12 10:48:41', '23.80', 'AM107-4'),
(2044, '2024-06-12 10:48:41', '23.80', 'AM107-4'),
(2045, '2024-06-12 10:48:41', '23.80', 'AM107-4'),
(2046, '2024-06-12 10:48:57', '25.90', 'AM107-55'),
(2047, '2024-06-12 10:48:57', '25.90', 'AM107-55'),
(2048, '2024-06-12 10:48:57', '25.90', 'AM107-55'),
(2049, '2024-06-12 10:48:57', '25.90', 'AM107-55'),
(2050, '2024-06-12 10:48:58', '22.20', 'AM107-14'),
(2051, '2024-06-12 10:48:58', '22.20', 'AM107-14'),
(2052, '2024-06-12 10:48:58', '22.20', 'AM107-14'),
(2053, '2024-06-12 10:48:58', '22.20', 'AM107-14'),
(2054, '2024-06-12 10:48:58', '21.50', 'AM107-23'),
(2055, '2024-06-12 10:48:58', '21.50', 'AM107-23'),
(2056, '2024-06-12 10:48:58', '21.50', 'AM107-23'),
(2057, '2024-06-12 10:48:58', '21.50', 'AM107-23'),
(2058, '2024-06-12 10:48:59', '22.60', 'AM107-27'),
(2059, '2024-06-12 10:48:59', '22.60', 'AM107-27'),
(2060, '2024-06-12 10:48:59', '22.60', 'AM107-27'),
(2061, '2024-06-12 10:48:59', '22.60', 'AM107-27'),
(2066, '2024-06-12 10:50:11', '22.60', 'AM107-3'),
(2067, '2024-06-12 10:50:11', '22.60', 'AM107-3'),
(2068, '2024-06-12 10:50:11', '22.60', 'AM107-3'),
(2069, '2024-06-12 10:50:11', '22.60', 'AM107-3'),
(2070, '2024-06-12 10:50:25', '21.60', 'AM107-7'),
(2071, '2024-06-12 10:50:25', '21.60', 'AM107-7'),
(2072, '2024-06-12 10:50:25', '21.60', 'AM107-7'),
(2073, '2024-06-12 10:50:25', '21.60', 'AM107-7'),
(2074, '2024-06-12 10:50:28', '22.40', 'AM107-47'),
(2075, '2024-06-12 10:50:28', '22.40', 'AM107-47'),
(2076, '2024-06-12 10:50:28', '22.40', 'AM107-47'),
(2077, '2024-06-12 10:50:28', '22.40', 'AM107-47'),
(2078, '2024-06-12 10:50:28', '23.30', 'AM107-35');
INSERT INTO `Mesure` (`id_mesure`, `date_mesure`, `valeur`, `capteur`) VALUES
(2079, '2024-06-12 10:50:28', '23.30', 'AM107-35'),
(2080, '2024-06-12 10:50:28', '23.30', 'AM107-35'),
(2081, '2024-06-12 10:50:28', '23.30', 'AM107-35'),
(2082, '2024-06-12 10:50:30', '22.40', 'AM107-47'),
(2083, '2024-06-12 10:50:30', '22.40', 'AM107-47'),
(2084, '2024-06-12 10:50:30', '22.40', 'AM107-47'),
(2085, '2024-06-12 10:50:30', '22.40', 'AM107-47'),
(2086, '2024-06-12 10:50:41', '21.70', 'AM107-8'),
(2087, '2024-06-12 10:50:41', '21.70', 'AM107-8'),
(2088, '2024-06-12 10:50:41', '21.70', 'AM107-8'),
(2089, '2024-06-12 10:50:41', '21.70', 'AM107-8'),
(2090, '2024-06-12 10:50:43', '23.00', 'AM107-16'),
(2091, '2024-06-12 10:50:43', '23.00', 'AM107-16'),
(2092, '2024-06-12 10:50:43', '23.00', 'AM107-16'),
(2093, '2024-06-12 10:50:43', '23.00', 'AM107-16'),
(2094, '2024-06-12 10:51:05', '23.60', 'AM107-34'),
(2095, '2024-06-12 10:51:05', '23.60', 'AM107-34'),
(2096, '2024-06-12 10:51:05', '23.60', 'AM107-34'),
(2097, '2024-06-12 10:51:05', '23.60', 'AM107-34'),
(2098, '2024-06-12 10:51:27', '22.80', 'AM107-13'),
(2099, '2024-06-12 10:51:27', '22.80', 'AM107-13'),
(2100, '2024-06-12 10:51:27', '22.80', 'AM107-13'),
(2101, '2024-06-12 10:51:27', '22.80', 'AM107-13'),
(2102, '2024-06-12 10:51:28', '25.50', 'AM107-22'),
(2103, '2024-06-12 10:51:28', '25.50', 'AM107-22'),
(2104, '2024-06-12 10:51:28', '25.50', 'AM107-22'),
(2105, '2024-06-12 10:51:28', '25.50', 'AM107-22'),
(2106, '2024-06-12 10:52:07', '22.90', 'AM107-26'),
(2107, '2024-06-12 10:52:07', '22.90', 'AM107-26'),
(2108, '2024-06-12 10:52:07', '22.90', 'AM107-26'),
(2109, '2024-06-12 10:52:07', '22.90', 'AM107-26'),
(2110, '2024-06-12 10:52:14', '22.90', 'AM107-43'),
(2111, '2024-06-12 10:52:14', '22.90', 'AM107-43'),
(2112, '2024-06-12 10:52:14', '22.90', 'AM107-43'),
(2113, '2024-06-12 10:52:14', '22.90', 'AM107-43'),
(2114, '2024-06-12 10:52:14', '24.50', 'AM107-39'),
(2115, '2024-06-12 10:52:14', '24.50', 'AM107-39'),
(2116, '2024-06-12 10:52:14', '24.50', 'AM107-39'),
(2117, '2024-06-12 10:52:14', '24.50', 'AM107-39'),
(2119, '2024-06-12 10:52:55', '24.10', 'AM107-29'),
(2120, '2024-06-12 10:52:55', '24.10', 'AM107-29'),
(2121, '2024-06-12 10:52:55', '24.10', 'AM107-29'),
(2122, '2024-06-12 10:52:55', '24.10', 'AM107-29'),
(2123, '2024-06-12 10:52:57', '22.00', 'AM107-54'),
(2124, '2024-06-12 10:52:57', '22.00', 'AM107-54'),
(2125, '2024-06-12 10:52:57', '22.00', 'AM107-54'),
(2126, '2024-06-12 10:52:57', '22.00', 'AM107-54'),
(2127, '2024-06-12 10:52:59', '23.70', 'AM107-18'),
(2128, '2024-06-12 10:52:59', '23.70', 'AM107-18'),
(2129, '2024-06-12 10:52:59', '23.70', 'AM107-18'),
(2130, '2024-06-12 10:52:59', '23.70', 'AM107-18'),
(2131, '2024-06-12 10:53:06', '23.00', 'AM107-12'),
(2132, '2024-06-12 10:54:39', '22.90', 'AM107-30'),
(2133, '2024-06-12 10:54:39', '22.90', 'AM107-30'),
(2134, '2024-06-12 10:54:39', '22.90', 'AM107-30'),
(2135, '2024-06-12 10:54:39', '22.90', 'AM107-30'),
(2136, '2024-06-12 10:54:52', '22.70', 'AM107-28'),
(2137, '2024-06-12 10:54:52', '22.70', 'AM107-28'),
(2138, '2024-06-12 10:54:52', '22.70', 'AM107-28'),
(2139, '2024-06-12 10:54:52', '22.70', 'AM107-28'),
(2140, '2024-06-12 10:54:56', '20.80', 'AM107-51'),
(2141, '2024-06-12 10:54:56', '20.80', 'AM107-51'),
(2142, '2024-06-12 10:54:56', '20.80', 'AM107-51'),
(2143, '2024-06-12 10:54:56', '20.80', 'AM107-51'),
(2144, '2024-06-12 10:54:56', '22.00', 'AM107-17'),
(2145, '2024-06-12 10:54:56', '22.00', 'AM107-17'),
(2146, '2024-06-12 10:54:56', '22.00', 'AM107-17'),
(2147, '2024-06-12 10:54:56', '22.00', 'AM107-17'),
(2148, '2024-06-12 10:55:26', '22.70', 'AM107-20'),
(2149, '2024-06-12 10:55:26', '22.70', 'AM107-20'),
(2150, '2024-06-12 10:55:26', '22.70', 'AM107-20'),
(2151, '2024-06-12 10:55:26', '22.70', 'AM107-20'),
(2152, '2024-06-12 10:55:30', '23.40', 'AM107-38'),
(2153, '2024-06-12 10:55:30', '23.40', 'AM107-38'),
(2154, '2024-06-12 10:55:30', '23.40', 'AM107-38'),
(2155, '2024-06-12 10:55:30', '23.40', 'AM107-38'),
(2156, '2024-06-12 10:55:56', '25.50', 'AM107-41'),
(2157, '2024-06-12 10:55:56', '25.50', 'AM107-41'),
(2158, '2024-06-12 10:55:56', '25.50', 'AM107-41'),
(2159, '2024-06-12 10:55:56', '25.50', 'AM107-41'),
(2160, '2024-06-12 10:55:56', '24.90', 'AM107-31'),
(2161, '2024-06-12 10:55:56', '24.90', 'AM107-31'),
(2162, '2024-06-12 10:55:56', '24.90', 'AM107-31'),
(2163, '2024-06-12 10:55:56', '24.90', 'AM107-31'),
(2164, '2024-06-12 10:56:30', '23.50', 'AM107-52'),
(2165, '2024-06-12 10:56:30', '23.50', 'AM107-52'),
(2166, '2024-06-12 10:56:30', '23.50', 'AM107-52'),
(2167, '2024-06-12 10:56:30', '23.50', 'AM107-52'),
(2168, '2024-06-12 10:56:37', '21.90', 'AM107-24'),
(2169, '2024-06-12 10:56:37', '21.90', 'AM107-24'),
(2170, '2024-06-12 10:56:37', '21.90', 'AM107-24'),
(2171, '2024-06-12 10:56:37', '21.90', 'AM107-24'),
(2172, '2024-06-12 10:56:37', '21.30', 'AM107-50'),
(2173, '2024-06-12 10:56:37', '21.30', 'AM107-50'),
(2174, '2024-06-12 10:56:37', '21.30', 'AM107-50'),
(2175, '2024-06-12 10:56:37', '21.30', 'AM107-50'),
(2176, '2024-06-12 10:56:43', '23.70', 'AM107-6'),
(2177, '2024-06-12 10:56:43', '23.70', 'AM107-6'),
(2178, '2024-06-12 10:56:43', '23.70', 'AM107-6'),
(2179, '2024-06-12 10:56:43', '23.70', 'AM107-6'),
(2180, '2024-06-12 10:56:57', '22.80', 'AM107-33'),
(2181, '2024-06-12 10:56:57', '22.80', 'AM107-33'),
(2182, '2024-06-12 10:56:57', '22.80', 'AM107-33'),
(2183, '2024-06-12 10:56:57', '22.80', 'AM107-33'),
(2184, '2024-06-12 10:56:59', '23.40', 'AM107-32'),
(2185, '2024-06-12 10:56:59', '23.40', 'AM107-32'),
(2186, '2024-06-12 10:56:59', '23.40', 'AM107-32'),
(2187, '2024-06-12 10:56:59', '23.40', 'AM107-32'),
(2188, '2024-06-12 10:57:01', '22.60', 'AM107-48'),
(2189, '2024-06-12 10:57:01', '22.60', 'AM107-48'),
(2190, '2024-06-12 10:57:01', '22.60', 'AM107-48'),
(2191, '2024-06-12 10:57:01', '22.60', 'AM107-48'),
(2192, '2024-06-12 10:57:07', '21.30', 'AM107-49'),
(2193, '2024-06-12 10:57:07', '21.30', 'AM107-49'),
(2194, '2024-06-12 10:57:07', '21.30', 'AM107-49'),
(2195, '2024-06-12 10:57:07', '21.30', 'AM107-49'),
(2196, '2024-06-12 10:57:36', '22.90', 'AM107-53'),
(2197, '2024-06-12 10:57:36', '22.90', 'AM107-53'),
(2198, '2024-06-12 10:57:36', '22.90', 'AM107-53'),
(2199, '2024-06-12 10:57:36', '22.90', 'AM107-53'),
(2200, '2024-06-12 10:58:11', '22.90', 'AM107-12'),
(2201, '2024-06-12 10:58:11', '22.90', 'AM107-12'),
(2202, '2024-06-12 10:58:11', '22.90', 'AM107-12'),
(2203, '2024-06-12 10:58:11', '22.90', 'AM107-12'),
(2204, '2024-06-12 10:58:29', '23.00', 'AM107-46'),
(2205, '2024-06-12 10:58:29', '23.00', 'AM107-46'),
(2206, '2024-06-12 10:58:29', '23.00', 'AM107-46'),
(2207, '2024-06-12 10:58:29', '23.00', 'AM107-46'),
(2208, '2024-06-12 10:58:30', '24.00', 'AM107-36'),
(2209, '2024-06-12 10:58:30', '24.00', 'AM107-36'),
(2210, '2024-06-12 10:58:30', '24.00', 'AM107-36'),
(2211, '2024-06-12 10:58:30', '24.00', 'AM107-36'),
(2212, '2024-06-12 10:58:42', '23.70', 'AM107-4'),
(2213, '2024-06-12 10:58:42', '23.70', 'AM107-4'),
(2214, '2024-06-12 10:58:42', '23.70', 'AM107-4'),
(2215, '2024-06-12 10:58:42', '23.70', 'AM107-4'),
(2216, '2024-06-12 10:58:57', '25.90', 'AM107-55'),
(2217, '2024-06-12 10:58:57', '25.90', 'AM107-55'),
(2218, '2024-06-12 10:58:57', '25.90', 'AM107-55'),
(2219, '2024-06-12 10:58:57', '25.90', 'AM107-55'),
(2220, '2024-06-12 10:58:58', '21.50', 'AM107-23'),
(2221, '2024-06-12 10:58:58', '21.50', 'AM107-23'),
(2222, '2024-06-12 10:58:58', '21.50', 'AM107-23'),
(2223, '2024-06-12 10:58:58', '21.50', 'AM107-23'),
(2224, '2024-06-12 10:58:59', '22.60', 'AM107-27'),
(2225, '2024-06-12 10:58:59', '22.60', 'AM107-27'),
(2226, '2024-06-12 10:58:59', '22.60', 'AM107-27'),
(2227, '2024-06-12 10:58:59', '22.60', 'AM107-27'),
(2228, '2024-06-12 10:58:59', '22.20', 'AM107-14'),
(2229, '2024-06-12 10:58:59', '22.20', 'AM107-14'),
(2230, '2024-06-12 10:58:59', '22.20', 'AM107-14'),
(2231, '2024-06-12 10:58:59', '22.20', 'AM107-14'),
(2236, '2024-06-12 11:00:11', '22.80', 'AM107-3'),
(2237, '2024-06-12 11:00:11', '22.80', 'AM107-3'),
(2238, '2024-06-12 11:00:11', '22.80', 'AM107-3'),
(2239, '2024-06-12 11:00:11', '22.80', 'AM107-3');

-- --------------------------------------------------------

--
-- Structure de la table `Salle`
--

CREATE TABLE IF NOT EXISTS `Salle` (
  `nom_salle` varchar(20) NOT NULL,
  `type_salle` varchar(20) NOT NULL DEFAULT 'informatique',
  `capacite` int(11) DEFAULT NULL,
  `batiment` int(8) NOT NULL
) ENGINE=InnoDB DEFAULT CHARSET=utf8;

--
-- Contenu de la table `Salle`
--

INSERT INTO `Salle` (`nom_salle`, `type_salle`, `capacite`, `batiment`) VALUES
(' hall-amphi', 'informatique', NULL, 1),
('amphi1', 'informatique', NULL, 1),
('B001', 'informatique', NULL, 2),
('B002', 'informatique', NULL, 2),
('B103', 'informatique', NULL, 2),
('B105', 'informatique', NULL, 2),
('B106', 'informatique', NULL, 2),
('B109', 'informatique', NULL, 2),
('B111', 'informatique', NULL, 2),
('B112', 'informatique', NULL, 2),
('B113', 'informatique', NULL, 2),
('B201', 'informatique', NULL, 2),
('B203', 'informatique', NULL, 2),
('B217', 'informatique', NULL, 2),
('B234', 'informatique', NULL, 2),
('C001', 'informatique', NULL, 3),
('C002', 'informatique', NULL, 3),
('C004', 'informatique', NULL, 3),
('C006', 'informatique', NULL, 3),
('C101', 'informatique', NULL, 3),
('C102', 'informatique', NULL, 3),
('E001', 'informatique', NULL, 4),
('E003', 'informatique', NULL, 4),
('E004', 'informatique', NULL, 4),
('E006', 'informatique', NULL, 4),
('E007', 'informatique', NULL, 4),
('E101', 'informatique', NULL, 4),
('E102', 'informatique', NULL, 4),
('E103', 'informatique', NULL, 4),
('E104', 'informatique', NULL, 4),
('E105', 'informatique', NULL, 4),
('E106', 'informatique', NULL, 4),
('E207', 'informatique', NULL, 4),
('E208', 'informatique', NULL, 4),
('E209', 'informatique', NULL, 4),
('E210', 'informatique', NULL, 4),
('Foyer-etudiants-dist', 'informatique', NULL, 2),
('Foyer-etudiants-entr', 'informatique', NULL, 2),
('Foyer-personnels', 'informatique', NULL, 2),
('hall-entrée-principa', 'informatique', NULL, 1),
('Salle-conseil', 'informatique', NULL, 1);

--
-- Index pour les tables exportées
--

--
-- Index pour la table `Administration`
--
ALTER TABLE `Administration`
 ADD PRIMARY KEY (`id_administration`);

--
-- Index pour la table `Batiment`
--
ALTER TABLE `Batiment`
 ADD PRIMARY KEY (`id_bat`), ADD UNIQUE KEY `nom_bat` (`nom_bat`), ADD KEY `gestion` (`gestion`);

--
-- Index pour la table `Capteur`
--
ALTER TABLE `Capteur`
 ADD PRIMARY KEY (`nom_capteur`), ADD KEY `salle` (`salle`);

--
-- Index pour la table `Gestionnaire`
--
ALTER TABLE `Gestionnaire`
 ADD PRIMARY KEY (`id_gestion`);

--
-- Index pour la table `Mesure`
--
ALTER TABLE `Mesure`
 ADD PRIMARY KEY (`id_mesure`), ADD KEY `capteur` (`capteur`);

--
-- Index pour la table `Salle`
--
ALTER TABLE `Salle`
 ADD PRIMARY KEY (`nom_salle`), ADD KEY `batiment` (`batiment`);

--
-- AUTO_INCREMENT pour les tables exportées
--

--
-- AUTO_INCREMENT pour la table `Administration`
--
ALTER TABLE `Administration`
MODIFY `id_administration` int(8) NOT NULL AUTO_INCREMENT,AUTO_INCREMENT=3;
--
-- AUTO_INCREMENT pour la table `Batiment`
--
ALTER TABLE `Batiment`
MODIFY `id_bat` int(8) NOT NULL AUTO_INCREMENT,AUTO_INCREMENT=59;
--
-- AUTO_INCREMENT pour la table `Gestionnaire`
--
ALTER TABLE `Gestionnaire`
MODIFY `id_gestion` int(8) NOT NULL AUTO_INCREMENT,AUTO_INCREMENT=59;
--
-- AUTO_INCREMENT pour la table `Mesure`
--
ALTER TABLE `Mesure`
MODIFY `id_mesure` int(10) NOT NULL AUTO_INCREMENT,AUTO_INCREMENT=2240;
--
-- Contraintes pour les tables exportées
--

--
-- Contraintes pour la table `Batiment`
--
ALTER TABLE `Batiment`
ADD CONSTRAINT `Batiment_ibfk_1` FOREIGN KEY (`gestion`) REFERENCES `Gestionnaire` (`id_gestion`);

--
-- Contraintes pour la table `Capteur`
--
ALTER TABLE `Capteur`
ADD CONSTRAINT `Capteur_ibfk_1` FOREIGN KEY (`salle`) REFERENCES `Salle` (`nom_salle`);

--
-- Contraintes pour la table `Mesure`
--
ALTER TABLE `Mesure`
ADD CONSTRAINT `Mesure_ibfk_1` FOREIGN KEY (`capteur`) REFERENCES `Capteur` (`nom_capteur`);

--
-- Contraintes pour la table `Salle`
--
ALTER TABLE `Salle`
ADD CONSTRAINT `Salle_ibfk_1` FOREIGN KEY (`batiment`) REFERENCES `Batiment` (`id_bat`);

/*!40101 SET CHARACTER_SET_CLIENT=@OLD_CHARACTER_SET_CLIENT */;
/*!40101 SET CHARACTER_SET_RESULTS=@OLD_CHARACTER_SET_RESULTS */;
/*!40101 SET COLLATION_CONNECTION=@OLD_COLLATION_CONNECTION */;
